2025-05-13 09:46:22,843 Worker rq:worker:94f408704c7b454b96bf19bead0a7a97 started with PID 21900, version 1.15.1
2025-05-13 09:46:22,843 Subscribing to channel rq:pubsub:94f408704c7b454b96bf19bead0a7a97
2025-05-13 09:46:22,855 *** Listening on workspaces-library_management-frappe-bench:short, workspaces-library_management-frappe-bench:default, workspaces-library_management-frappe-bench:long...
2025-05-13 09:46:22,863 Cleaning registries for queue: workspaces-library_management-frappe-bench:short
2025-05-13 09:46:22,875 Cleaning registries for queue: workspaces-library_management-frappe-bench:default
2025-05-13 09:46:22,896 Cleaning registries for queue: workspaces-library_management-frappe-bench:long
2025-05-13 09:49:09,635 Worker 94f408704c7b454b96bf19bead0a7a97 [PID 21900]: warm shut down requested
2025-05-13 09:49:09,640 Unsubscribing from channel rq:pubsub:94f408704c7b454b96bf19bead0a7a97
2025-05-13 09:49:53,005 Worker rq:worker:f6bd3ef0b1e44c0aa9d0cdba2519e6f1 started with PID 25627, version 1.15.1
2025-05-13 09:49:53,005 Subscribing to channel rq:pubsub:f6bd3ef0b1e44c0aa9d0cdba2519e6f1
2025-05-13 09:49:53,007 *** Listening on workspaces-library_management-frappe-bench:short, workspaces-library_management-frappe-bench:default, workspaces-library_management-frappe-bench:long...
2025-05-13 09:49:53,008 Cleaning registries for queue: workspaces-library_management-frappe-bench:short
2025-05-13 09:49:53,010 Cleaning registries for queue: workspaces-library_management-frappe-bench:default
2025-05-13 09:49:53,012 Cleaning registries for queue: workspaces-library_management-frappe-bench:long
2025-05-13 09:51:52,877 workspaces-library_management-frappe-bench:default: frappe.utils.background_jobs.execute_job(event=None, is_async=True, job_name='frappe.core.doctype.user.user.create_contact', kwargs={'user': <User: aditilistic@gmail.com>, 'ignore_mandatory': True}, method='frappe.core.doctype.user.user.create_contact', site='dev.localhost', user='Administrator') (dev.localhost::ef88cc73-6538-4364-86cc-f1074da8e84f)
2025-05-13 09:51:53,918 workspaces-library_management-frappe-bench:default: Job OK (dev.localhost::ef88cc73-6538-4364-86cc-f1074da8e84f)
2025-05-13 09:51:53,918 Result is kept for 600 seconds
2025-05-13 09:51:53,927 workspaces-library_management-frappe-bench:default: frappe.utils.background_jobs.execute_job(event=None, is_async=True, job_name='frappe.core.doctype.user.user.update_gravatar', kwargs={'name': 'aditilistic@gmail.com'}, method='frappe.core.doctype.user.user.update_gravatar', site='dev.localhost', user='Administrator') (dev.localhost::858f05c1-b62c-4243-9520-2d397dc0602a)
2025-05-13 09:51:54,176 workspaces-library_management-frappe-bench:default: Job OK (dev.localhost::858f05c1-b62c-4243-9520-2d397dc0602a)
2025-05-13 09:51:54,177 Result is kept for 600 seconds
2025-05-13 09:51:54,183 workspaces-library_management-frappe-bench:default: frappe.utils.background_jobs.execute_job(event=None, is_async=True, job_name='frappe.core.doctype.scheduled_job_type.scheduled_job_type.run_scheduled_jo..., kwargs={'job_type': 'frappe.monitor.flush'}, method='frappe.core.doctype.scheduled_job_type.scheduled_job_type.run_scheduled_jo..., site='dev.localhost', user='Administrator') (dev.localhost::scheduled_job::frappe.monitor.flush)
2025-05-13 09:51:54,523 workspaces-library_management-frappe-bench:default: Job OK (dev.localhost::scheduled_job::frappe.monitor.flush)
2025-05-13 09:51:54,523 Result is kept for 600 seconds
2025-05-13 09:51:54,530 workspaces-library_management-frappe-bench:default: frappe.utils.background_jobs.execute_job(event=None, is_async=True, job_name='frappe.core.doctype.scheduled_job_type.scheduled_job_type.run_scheduled_jo..., kwargs={'job_type': 'frappe.email.queue.flush'}, method='frappe.core.doctype.scheduled_job_type.scheduled_job_type.run_scheduled_jo..., site='dev.localhost', user='Administrator') (dev.localhost::scheduled_job::frappe.email.queue.flush)
2025-05-13 09:51:54,973 workspaces-library_management-frappe-bench:default: Job OK (dev.localhost::scheduled_job::frappe.email.queue.flush)
2025-05-13 09:51:54,974 Result is kept for 600 seconds
2025-05-13 09:51:54,982 workspaces-library_management-frappe-bench:default: frappe.utils.background_jobs.execute_job(event=None, is_async=True, job_name='frappe.core.doctype.scheduled_job_type.scheduled_job_type.run_scheduled_jo..., kwargs={'job_type': 'frappe.email.doctype.email_account.email_account.pull'}, method='frappe.core.doctype.scheduled_job_type.scheduled_job_type.run_scheduled_jo..., site='dev.localhost', user='Administrator') (dev.localhost::scheduled_job::frappe.email.doctype.email_account.email_account.pull)
2025-05-13 09:51:55,325 workspaces-library_management-frappe-bench:default: Job OK (dev.localhost::scheduled_job::frappe.email.doctype.email_account.email_account.pull)
2025-05-13 09:51:55,325 Result is kept for 600 seconds
2025-05-13 09:51:55,335 workspaces-library_management-frappe-bench:default: frappe.utils.background_jobs.execute_job(event=None, is_async=True, job_name='frappe.core.doctype.scheduled_job_type.scheduled_job_type.run_scheduled_jo..., kwargs={'job_type': 'frappe.integrations.doctype.google_calendar.google_calendar.s..., method='frappe.core.doctype.scheduled_job_type.scheduled_job_type.run_scheduled_jo..., site='dev.localhost', user='Administrator') (dev.localhost::scheduled_job::frappe.integrations.doctype.google_calendar.google_calendar.sync)
2025-05-13 09:51:55,994 workspaces-library_management-frappe-bench:default: Job OK (dev.localhost::scheduled_job::frappe.integrations.doctype.google_calendar.google_calendar.sync)
2025-05-13 09:51:55,994 Result is kept for 600 seconds
2025-05-13 09:54:33,791 Worker f6bd3ef0b1e44c0aa9d0cdba2519e6f1 [PID 25627]: warm shut down requested
2025-05-13 09:54:33,806 Unsubscribing from channel rq:pubsub:f6bd3ef0b1e44c0aa9d0cdba2519e6f1
2025-05-13 09:54:40,479 Worker rq:worker:969fb799c98149e68e818bf5c696fef9 started with PID 30030, version 1.15.1
2025-05-13 09:54:40,479 Subscribing to channel rq:pubsub:969fb799c98149e68e818bf5c696fef9
2025-05-13 09:54:40,480 *** Listening on workspaces-library_management-frappe-bench:short, workspaces-library_management-frappe-bench:default, workspaces-library_management-frappe-bench:long...
2025-05-13 09:54:40,480 Cleaning registries for queue: workspaces-library_management-frappe-bench:short
2025-05-13 09:54:40,481 Cleaning registries for queue: workspaces-library_management-frappe-bench:default
2025-05-13 09:54:40,483 Cleaning registries for queue: workspaces-library_management-frappe-bench:long
2025-05-13 09:55:41,243 workspaces-library_management-frappe-bench:default: frappe.utils.background_jobs.execute_job(event=None, is_async=True, job_name='frappe.core.doctype.scheduled_job_type.scheduled_job_type.run_scheduled_jo..., kwargs={'job_type': 'frappe.integrations.doctype.google_calendar.google_calendar.s..., method='frappe.core.doctype.scheduled_job_type.scheduled_job_type.run_scheduled_jo..., site='dev.localhost', user='Administrator') (dev.localhost::scheduled_job::frappe.integrations.doctype.google_calendar.google_calendar.sync)
2025-05-13 09:55:41,847 workspaces-library_management-frappe-bench:default: Job OK (dev.localhost::scheduled_job::frappe.integrations.doctype.google_calendar.google_calendar.sync)
2025-05-13 09:55:41,847 Result is kept for 600 seconds
2025-05-13 09:55:41,856 workspaces-library_management-frappe-bench:default: frappe.utils.background_jobs.execute_job(event=None, is_async=True, job_name='frappe.core.doctype.scheduled_job_type.scheduled_job_type.run_scheduled_jo..., kwargs={'job_type': 'frappe.monitor.flush'}, method='frappe.core.doctype.scheduled_job_type.scheduled_job_type.run_scheduled_jo..., site='dev.localhost', user='Administrator') (dev.localhost::scheduled_job::frappe.monitor.flush)
2025-05-13 09:55:42,335 workspaces-library_management-frappe-bench:default: Job OK (dev.localhost::scheduled_job::frappe.monitor.flush)
2025-05-13 09:55:42,335 Result is kept for 600 seconds
2025-05-13 09:55:42,342 workspaces-library_management-frappe-bench:default: frappe.utils.background_jobs.execute_job(event=None, is_async=True, job_name='frappe.core.doctype.scheduled_job_type.scheduled_job_type.run_scheduled_jo..., kwargs={'job_type': 'frappe.email.queue.flush'}, method='frappe.core.doctype.scheduled_job_type.scheduled_job_type.run_scheduled_jo..., site='dev.localhost', user='Administrator') (dev.localhost::scheduled_job::frappe.email.queue.flush)
2025-05-13 09:55:42,730 workspaces-library_management-frappe-bench:default: Job OK (dev.localhost::scheduled_job::frappe.email.queue.flush)
2025-05-13 09:55:42,730 Result is kept for 600 seconds
2025-05-13 09:58:41,366 workspaces-library_management-frappe-bench:default: frappe.utils.background_jobs.execute_job(event=None, is_async=True, job_name='frappe.core.doctype.scheduled_job_type.scheduled_job_type.run_scheduled_jo..., kwargs={'job_type': 'frappe.email.queue.flush'}, method='frappe.core.doctype.scheduled_job_type.scheduled_job_type.run_scheduled_jo..., site='dev.localhost', user='Administrator') (dev.localhost::scheduled_job::frappe.email.queue.flush)
2025-05-13 09:58:41,783 workspaces-library_management-frappe-bench:default: Job OK (dev.localhost::scheduled_job::frappe.email.queue.flush)
2025-05-13 09:58:41,783 Result is kept for 600 seconds
2025-05-13 09:58:41,790 workspaces-library_management-frappe-bench:default: frappe.utils.background_jobs.execute_job(event=None, is_async=True, job_name='frappe.core.doctype.scheduled_job_type.scheduled_job_type.run_scheduled_jo..., kwargs={'job_type': 'frappe.integrations.doctype.google_calendar.google_calendar.s..., method='frappe.core.doctype.scheduled_job_type.scheduled_job_type.run_scheduled_jo..., site='dev.localhost', user='Administrator') (dev.localhost::scheduled_job::frappe.integrations.doctype.google_calendar.google_calendar.sync)
2025-05-13 09:58:42,289 workspaces-library_management-frappe-bench:default: Job OK (dev.localhost::scheduled_job::frappe.integrations.doctype.google_calendar.google_calendar.sync)
2025-05-13 09:58:42,289 Result is kept for 600 seconds
2025-05-13 09:58:42,298 workspaces-library_management-frappe-bench:default: frappe.utils.background_jobs.execute_job(event=None, is_async=True, job_name='frappe.core.doctype.scheduled_job_type.scheduled_job_type.run_scheduled_jo..., kwargs={'job_type': 'frappe.monitor.flush'}, method='frappe.core.doctype.scheduled_job_type.scheduled_job_type.run_scheduled_jo..., site='dev.localhost', user='Administrator') (dev.localhost::scheduled_job::frappe.monitor.flush)
2025-05-13 09:58:42,646 workspaces-library_management-frappe-bench:default: Job OK (dev.localhost::scheduled_job::frappe.monitor.flush)
2025-05-13 09:58:42,646 Result is kept for 600 seconds
2025-05-13 10:00:41,456 workspaces-library_management-frappe-bench:default: frappe.utils.background_jobs.execute_job(event=None, is_async=True, job_name='frappe.core.doctype.scheduled_job_type.scheduled_job_type.run_scheduled_jo..., kwargs={'job_type': 'frappe.deferred_insert.save_to_db'}, method='frappe.core.doctype.scheduled_job_type.scheduled_job_type.run_scheduled_jo..., site='dev.localhost', user='Administrator') (dev.localhost::scheduled_job::frappe.deferred_insert.save_to_db)
2025-05-13 10:00:41,859 workspaces-library_management-frappe-bench:default: Job OK (dev.localhost::scheduled_job::frappe.deferred_insert.save_to_db)
2025-05-13 10:00:41,859 Result is kept for 600 seconds
2025-05-13 10:00:41,865 workspaces-library_management-frappe-bench:default: frappe.utils.background_jobs.execute_job(event=None, is_async=True, job_name='frappe.core.doctype.scheduled_job_type.scheduled_job_type.run_scheduled_jo..., kwargs={'job_type': 'frappe.website.doctype.web_page.web_page.check_publish_status..., method='frappe.core.doctype.scheduled_job_type.scheduled_job_type.run_scheduled_jo..., site='dev.localhost', user='Administrator') (dev.localhost::scheduled_job::frappe.website.doctype.web_page.web_page.check_publish_status)
2025-05-13 10:00:42,283 workspaces-library_management-frappe-bench:default: Job OK (dev.localhost::scheduled_job::frappe.website.doctype.web_page.web_page.check_publish_status)
2025-05-13 10:00:42,284 Result is kept for 600 seconds
2025-05-13 10:00:42,290 workspaces-library_management-frappe-bench:default: frappe.utils.background_jobs.execute_job(event=None, is_async=True, job_name='frappe.core.doctype.scheduled_job_type.scheduled_job_type.run_scheduled_jo..., kwargs={'job_type': 'frappe.email.doctype.email_account.email_account.pull'}, method='frappe.core.doctype.scheduled_job_type.scheduled_job_type.run_scheduled_jo..., site='dev.localhost', user='Administrator') (dev.localhost::scheduled_job::frappe.email.doctype.email_account.email_account.pull)
2025-05-13 10:00:42,774 workspaces-library_management-frappe-bench:default: Job OK (dev.localhost::scheduled_job::frappe.email.doctype.email_account.email_account.pull)
2025-05-13 10:00:42,774 Result is kept for 600 seconds
2025-05-13 10:00:42,781 workspaces-library_management-frappe-bench:default: frappe.utils.background_jobs.execute_job(event=None, is_async=True, job_name='frappe.core.doctype.scheduled_job_type.scheduled_job_type.run_scheduled_jo..., kwargs={'job_type': 'frappe.automation.doctype.reminder.reminder.send_reminders'}, method='frappe.core.doctype.scheduled_job_type.scheduled_job_type.run_scheduled_jo..., site='dev.localhost', user='Administrator') (dev.localhost::scheduled_job::frappe.automation.doctype.reminder.reminder.send_reminders)
2025-05-13 10:00:43,120 workspaces-library_management-frappe-bench:default: Job OK (dev.localhost::scheduled_job::frappe.automation.doctype.reminder.reminder.send_reminders)
2025-05-13 10:00:43,121 Result is kept for 600 seconds
2025-05-13 10:00:43,127 workspaces-library_management-frappe-bench:default: frappe.utils.background_jobs.execute_job(event=None, is_async=True, job_name='frappe.core.doctype.scheduled_job_type.scheduled_job_type.run_scheduled_jo..., kwargs={'job_type': 'frappe.oauth.delete_oauth2_data'}, method='frappe.core.doctype.scheduled_job_type.scheduled_job_type.run_scheduled_jo..., site='dev.localhost', user='Administrator') (dev.localhost::scheduled_job::frappe.oauth.delete_oauth2_data)
2025-05-13 10:00:43,507 workspaces-library_management-frappe-bench:default: Job OK (dev.localhost::scheduled_job::frappe.oauth.delete_oauth2_data)
2025-05-13 10:00:43,507 Result is kept for 600 seconds
2025-05-13 10:00:43,518 workspaces-library_management-frappe-bench:default: frappe.utils.background_jobs.execute_job(event=None, is_async=True, job_name='frappe.core.doctype.scheduled_job_type.scheduled_job_type.run_scheduled_jo..., kwargs={'job_type': 'frappe.twofactor.delete_all_barcodes_for_users'}, method='frappe.core.doctype.scheduled_job_type.scheduled_job_type.run_scheduled_jo..., site='dev.localhost', user='Administrator') (dev.localhost::scheduled_job::frappe.twofactor.delete_all_barcodes_for_users)
2025-05-13 10:00:43,909 workspaces-library_management-frappe-bench:default: Job OK (dev.localhost::scheduled_job::frappe.twofactor.delete_all_barcodes_for_users)
2025-05-13 10:00:43,909 Result is kept for 600 seconds
2025-05-13 10:00:43,916 workspaces-library_management-frappe-bench:default: frappe.utils.background_jobs.execute_job(event=None, is_async=True, job_name='frappe.core.doctype.scheduled_job_type.scheduled_job_type.run_scheduled_jo..., kwargs={'job_type': 'frappe.utils.global_search.sync_global_search'}, method='frappe.core.doctype.scheduled_job_type.scheduled_job_type.run_scheduled_jo..., site='dev.localhost', user='Administrator') (dev.localhost::scheduled_job::frappe.utils.global_search.sync_global_search)
2025-05-13 10:00:44,254 workspaces-library_management-frappe-bench:default: Job OK (dev.localhost::scheduled_job::frappe.utils.global_search.sync_global_search)
2025-05-13 10:00:44,254 Result is kept for 600 seconds
2025-05-13 10:00:44,260 workspaces-library_management-frappe-bench:default: frappe.utils.background_jobs.execute_job(event=None, is_async=True, job_name='frappe.core.doctype.scheduled_job_type.scheduled_job_type.run_scheduled_jo..., kwargs={'job_type': 'frappe.core.doctype.prepared_report.prepared_report.expire_st..., method='frappe.core.doctype.scheduled_job_type.scheduled_job_type.run_scheduled_jo..., site='dev.localhost', user='Administrator') (dev.localhost::scheduled_job::frappe.core.doctype.prepared_report.prepared_report.expire_stalled_report)
2025-05-13 10:00:44,590 workspaces-library_management-frappe-bench:default: Job OK (dev.localhost::scheduled_job::frappe.core.doctype.prepared_report.prepared_report.expire_stalled_report)
2025-05-13 10:00:44,590 Result is kept for 600 seconds
2025-05-13 10:00:44,597 workspaces-library_management-frappe-bench:default: frappe.utils.background_jobs.execute_job(event=None, is_async=True, job_name='frappe.core.doctype.scheduled_job_type.scheduled_job_type.run_scheduled_jo..., kwargs={'job_type': 'frappe.email.doctype.email_account.email_account.notify_unrep..., method='frappe.core.doctype.scheduled_job_type.scheduled_job_type.run_scheduled_jo..., site='dev.localhost', user='Administrator') (dev.localhost::scheduled_job::frappe.email.doctype.email_account.email_account.notify_unreplied)
2025-05-13 10:00:44,944 workspaces-library_management-frappe-bench:default: Job OK (dev.localhost::scheduled_job::frappe.email.doctype.email_account.email_account.notify_unreplied)
2025-05-13 10:00:44,944 Result is kept for 600 seconds
2025-05-13 10:02:41,591 workspaces-library_management-frappe-bench:default: frappe.utils.background_jobs.execute_job(event=None, is_async=True, job_name='frappe.core.doctype.scheduled_job_type.scheduled_job_type.run_scheduled_jo..., kwargs={'job_type': 'frappe.email.queue.flush'}, method='frappe.core.doctype.scheduled_job_type.scheduled_job_type.run_scheduled_jo..., site='dev.localhost', user='Administrator') (dev.localhost::scheduled_job::frappe.email.queue.flush)
2025-05-13 10:02:42,046 workspaces-library_management-frappe-bench:default: Job OK (dev.localhost::scheduled_job::frappe.email.queue.flush)
2025-05-13 10:02:42,046 Result is kept for 600 seconds
2025-05-13 10:02:42,053 workspaces-library_management-frappe-bench:default: frappe.utils.background_jobs.execute_job(event=None, is_async=True, job_name='frappe.core.doctype.scheduled_job_type.scheduled_job_type.run_scheduled_jo..., kwargs={'job_type': 'frappe.integrations.doctype.google_calendar.google_calendar.s..., method='frappe.core.doctype.scheduled_job_type.scheduled_job_type.run_scheduled_jo..., site='dev.localhost', user='Administrator') (dev.localhost::scheduled_job::frappe.integrations.doctype.google_calendar.google_calendar.sync)
2025-05-13 10:02:42,518 workspaces-library_management-frappe-bench:default: Job OK (dev.localhost::scheduled_job::frappe.integrations.doctype.google_calendar.google_calendar.sync)
2025-05-13 10:02:42,518 Result is kept for 600 seconds
2025-05-13 10:02:42,531 workspaces-library_management-frappe-bench:default: frappe.utils.background_jobs.execute_job(event=None, is_async=True, job_name='frappe.core.doctype.scheduled_job_type.scheduled_job_type.run_scheduled_jo..., kwargs={'job_type': 'frappe.monitor.flush'}, method='frappe.core.doctype.scheduled_job_type.scheduled_job_type.run_scheduled_jo..., site='dev.localhost', user='Administrator') (dev.localhost::scheduled_job::frappe.monitor.flush)
2025-05-13 10:02:42,898 workspaces-library_management-frappe-bench:default: Job OK (dev.localhost::scheduled_job::frappe.monitor.flush)
2025-05-13 10:02:42,898 Result is kept for 600 seconds
2025-05-13 10:06:41,781 workspaces-library_management-frappe-bench:default: frappe.utils.background_jobs.execute_job(event=None, is_async=True, job_name='frappe.core.doctype.scheduled_job_type.scheduled_job_type.run_scheduled_jo..., kwargs={'job_type': 'frappe.integrations.doctype.google_calendar.google_calendar.s..., method='frappe.core.doctype.scheduled_job_type.scheduled_job_type.run_scheduled_jo..., site='dev.localhost', user='Administrator') (dev.localhost::scheduled_job::frappe.integrations.doctype.google_calendar.google_calendar.sync)
2025-05-13 10:06:42,274 workspaces-library_management-frappe-bench:default: Job OK (dev.localhost::scheduled_job::frappe.integrations.doctype.google_calendar.google_calendar.sync)
2025-05-13 10:06:42,274 Result is kept for 600 seconds
2025-05-13 10:06:42,288 workspaces-library_management-frappe-bench:default: frappe.utils.background_jobs.execute_job(event=None, is_async=True, job_name='frappe.core.doctype.scheduled_job_type.scheduled_job_type.run_scheduled_jo..., kwargs={'job_type': 'frappe.monitor.flush'}, method='frappe.core.doctype.scheduled_job_type.scheduled_job_type.run_scheduled_jo..., site='dev.localhost', user='Administrator') (dev.localhost::scheduled_job::frappe.monitor.flush)
2025-05-13 10:06:42,613 workspaces-library_management-frappe-bench:default: Job OK (dev.localhost::scheduled_job::frappe.monitor.flush)
2025-05-13 10:06:42,614 Result is kept for 600 seconds
2025-05-13 10:06:42,620 workspaces-library_management-frappe-bench:default: frappe.utils.background_jobs.execute_job(event=None, is_async=True, job_name='frappe.core.doctype.scheduled_job_type.scheduled_job_type.run_scheduled_jo..., kwargs={'job_type': 'frappe.email.queue.flush'}, method='frappe.core.doctype.scheduled_job_type.scheduled_job_type.run_scheduled_jo..., site='dev.localhost', user='Administrator') (dev.localhost::scheduled_job::frappe.email.queue.flush)
2025-05-13 10:06:43,184 workspaces-library_management-frappe-bench:default: Job OK (dev.localhost::scheduled_job::frappe.email.queue.flush)
2025-05-13 10:06:43,184 Result is kept for 600 seconds
2025-05-13 10:10:41,934 workspaces-library_management-frappe-bench:default: frappe.utils.background_jobs.execute_job(event=None, is_async=True, job_name='frappe.core.doctype.scheduled_job_type.scheduled_job_type.run_scheduled_jo..., kwargs={'job_type': 'frappe.integrations.doctype.google_calendar.google_calendar.s..., method='frappe.core.doctype.scheduled_job_type.scheduled_job_type.run_scheduled_jo..., site='dev.localhost', user='Administrator') (dev.localhost::scheduled_job::frappe.integrations.doctype.google_calendar.google_calendar.sync)
2025-05-13 10:10:42,395 workspaces-library_management-frappe-bench:default: Job OK (dev.localhost::scheduled_job::frappe.integrations.doctype.google_calendar.google_calendar.sync)
2025-05-13 10:10:42,395 Result is kept for 600 seconds
2025-05-13 10:10:42,403 workspaces-library_management-frappe-bench:default: frappe.utils.background_jobs.execute_job(event=None, is_async=True, job_name='frappe.core.doctype.scheduled_job_type.scheduled_job_type.run_scheduled_jo..., kwargs={'job_type': 'frappe.email.doctype.email_account.email_account.pull'}, method='frappe.core.doctype.scheduled_job_type.scheduled_job_type.run_scheduled_jo..., site='dev.localhost', user='Administrator') (dev.localhost::scheduled_job::frappe.email.doctype.email_account.email_account.pull)
2025-05-13 10:10:42,757 workspaces-library_management-frappe-bench:default: Job OK (dev.localhost::scheduled_job::frappe.email.doctype.email_account.email_account.pull)
2025-05-13 10:10:42,757 Result is kept for 600 seconds
2025-05-13 10:10:42,764 workspaces-library_management-frappe-bench:default: frappe.utils.background_jobs.execute_job(event=None, is_async=True, job_name='frappe.core.doctype.scheduled_job_type.scheduled_job_type.run_scheduled_jo..., kwargs={'job_type': 'frappe.email.queue.flush'}, method='frappe.core.doctype.scheduled_job_type.scheduled_job_type.run_scheduled_jo..., site='dev.localhost', user='Administrator') (dev.localhost::scheduled_job::frappe.email.queue.flush)
2025-05-13 10:10:43,193 workspaces-library_management-frappe-bench:default: Job OK (dev.localhost::scheduled_job::frappe.email.queue.flush)
2025-05-13 10:10:43,194 Result is kept for 600 seconds
2025-05-13 10:10:43,201 workspaces-library_management-frappe-bench:default: frappe.utils.background_jobs.execute_job(event=None, is_async=True, job_name='frappe.core.doctype.scheduled_job_type.scheduled_job_type.run_scheduled_jo..., kwargs={'job_type': 'frappe.monitor.flush'}, method='frappe.core.doctype.scheduled_job_type.scheduled_job_type.run_scheduled_jo..., site='dev.localhost', user='Administrator') (dev.localhost::scheduled_job::frappe.monitor.flush)
2025-05-13 10:10:43,529 workspaces-library_management-frappe-bench:default: Job OK (dev.localhost::scheduled_job::frappe.monitor.flush)
2025-05-13 10:10:43,529 Result is kept for 600 seconds
2025-05-13 10:14:42,110 workspaces-library_management-frappe-bench:default: frappe.utils.background_jobs.execute_job(event=None, is_async=True, job_name='frappe.core.doctype.scheduled_job_type.scheduled_job_type.run_scheduled_jo..., kwargs={'job_type': 'frappe.integrations.doctype.google_calendar.google_calendar.s..., method='frappe.core.doctype.scheduled_job_type.scheduled_job_type.run_scheduled_jo..., site='dev.localhost', user='Administrator') (dev.localhost::scheduled_job::frappe.integrations.doctype.google_calendar.google_calendar.sync)
2025-05-13 10:14:42,631 workspaces-library_management-frappe-bench:default: Job OK (dev.localhost::scheduled_job::frappe.integrations.doctype.google_calendar.google_calendar.sync)
2025-05-13 10:14:42,631 Result is kept for 600 seconds
2025-05-13 10:14:42,639 workspaces-library_management-frappe-bench:default: frappe.utils.background_jobs.execute_job(event=None, is_async=True, job_name='frappe.core.doctype.scheduled_job_type.scheduled_job_type.run_scheduled_jo..., kwargs={'job_type': 'frappe.email.queue.flush'}, method='frappe.core.doctype.scheduled_job_type.scheduled_job_type.run_scheduled_jo..., site='dev.localhost', user='Administrator') (dev.localhost::scheduled_job::frappe.email.queue.flush)
2025-05-13 10:14:43,067 workspaces-library_management-frappe-bench:default: Job OK (dev.localhost::scheduled_job::frappe.email.queue.flush)
2025-05-13 10:14:43,067 Result is kept for 600 seconds
2025-05-13 10:14:43,074 workspaces-library_management-frappe-bench:default: frappe.utils.background_jobs.execute_job(event=None, is_async=True, job_name='frappe.core.doctype.scheduled_job_type.scheduled_job_type.run_scheduled_jo..., kwargs={'job_type': 'frappe.monitor.flush'}, method='frappe.core.doctype.scheduled_job_type.scheduled_job_type.run_scheduled_jo..., site='dev.localhost', user='Administrator') (dev.localhost::scheduled_job::frappe.monitor.flush)
2025-05-13 10:14:43,435 workspaces-library_management-frappe-bench:default: Job OK (dev.localhost::scheduled_job::frappe.monitor.flush)
2025-05-13 10:14:43,436 Result is kept for 600 seconds
2025-05-13 10:15:42,128 workspaces-library_management-frappe-bench:default: frappe.utils.background_jobs.execute_job(event=None, is_async=True, job_name='frappe.core.doctype.scheduled_job_type.scheduled_job_type.run_scheduled_jo..., kwargs={'job_type': 'frappe.automation.doctype.reminder.reminder.send_reminders'}, method='frappe.core.doctype.scheduled_job_type.scheduled_job_type.run_scheduled_jo..., site='dev.localhost', user='Administrator') (dev.localhost::scheduled_job::frappe.automation.doctype.reminder.reminder.send_reminders)
2025-05-13 10:15:42,494 workspaces-library_management-frappe-bench:default: Job OK (dev.localhost::scheduled_job::frappe.automation.doctype.reminder.reminder.send_reminders)
2025-05-13 10:15:42,494 Result is kept for 600 seconds
2025-05-13 10:15:42,501 workspaces-library_management-frappe-bench:default: frappe.utils.background_jobs.execute_job(event=None, is_async=True, job_name='frappe.core.doctype.scheduled_job_type.scheduled_job_type.run_scheduled_jo..., kwargs={'job_type': 'frappe.oauth.delete_oauth2_data'}, method='frappe.core.doctype.scheduled_job_type.scheduled_job_type.run_scheduled_jo..., site='dev.localhost', user='Administrator') (dev.localhost::scheduled_job::frappe.oauth.delete_oauth2_data)
2025-05-13 10:15:42,839 workspaces-library_management-frappe-bench:default: Job OK (dev.localhost::scheduled_job::frappe.oauth.delete_oauth2_data)
2025-05-13 10:15:42,840 Result is kept for 600 seconds
2025-05-13 10:15:42,846 workspaces-library_management-frappe-bench:default: frappe.utils.background_jobs.execute_job(event=None, is_async=True, job_name='frappe.core.doctype.scheduled_job_type.scheduled_job_type.run_scheduled_jo..., kwargs={'job_type': 'frappe.utils.global_search.sync_global_search'}, method='frappe.core.doctype.scheduled_job_type.scheduled_job_type.run_scheduled_jo..., site='dev.localhost', user='Administrator') (dev.localhost::scheduled_job::frappe.utils.global_search.sync_global_search)
2025-05-13 10:15:43,207 workspaces-library_management-frappe-bench:default: Job OK (dev.localhost::scheduled_job::frappe.utils.global_search.sync_global_search)
2025-05-13 10:15:43,207 Result is kept for 600 seconds
2025-05-13 10:15:43,217 workspaces-library_management-frappe-bench:default: frappe.utils.background_jobs.execute_job(event=None, is_async=True, job_name='frappe.core.doctype.scheduled_job_type.scheduled_job_type.run_scheduled_jo..., kwargs={'job_type': 'frappe.twofactor.delete_all_barcodes_for_users'}, method='frappe.core.doctype.scheduled_job_type.scheduled_job_type.run_scheduled_jo..., site='dev.localhost', user='Administrator') (dev.localhost::scheduled_job::frappe.twofactor.delete_all_barcodes_for_users)
2025-05-13 10:15:43,555 workspaces-library_management-frappe-bench:default: Job OK (dev.localhost::scheduled_job::frappe.twofactor.delete_all_barcodes_for_users)
2025-05-13 10:15:43,555 Result is kept for 600 seconds
2025-05-13 10:15:43,563 workspaces-library_management-frappe-bench:default: frappe.utils.background_jobs.execute_job(event=None, is_async=True, job_name='frappe.core.doctype.scheduled_job_type.scheduled_job_type.run_scheduled_jo..., kwargs={'job_type': 'frappe.website.doctype.web_page.web_page.check_publish_status..., method='frappe.core.doctype.scheduled_job_type.scheduled_job_type.run_scheduled_jo..., site='dev.localhost', user='Administrator') (dev.localhost::scheduled_job::frappe.website.doctype.web_page.web_page.check_publish_status)
2025-05-13 10:15:43,987 workspaces-library_management-frappe-bench:default: Job OK (dev.localhost::scheduled_job::frappe.website.doctype.web_page.web_page.check_publish_status)
2025-05-13 10:15:43,987 Result is kept for 600 seconds
2025-05-13 10:15:43,994 workspaces-library_management-frappe-bench:default: frappe.utils.background_jobs.execute_job(event=None, is_async=True, job_name='frappe.core.doctype.scheduled_job_type.scheduled_job_type.run_scheduled_jo..., kwargs={'job_type': 'frappe.deferred_insert.save_to_db'}, method='frappe.core.doctype.scheduled_job_type.scheduled_job_type.run_scheduled_jo..., site='dev.localhost', user='Administrator') (dev.localhost::scheduled_job::frappe.deferred_insert.save_to_db)
2025-05-13 10:15:44,430 workspaces-library_management-frappe-bench:default: Job OK (dev.localhost::scheduled_job::frappe.deferred_insert.save_to_db)
2025-05-13 10:15:44,430 Result is kept for 600 seconds
2025-05-13 10:15:44,436 workspaces-library_management-frappe-bench:default: frappe.utils.background_jobs.execute_job(event=None, is_async=True, job_name='frappe.core.doctype.scheduled_job_type.scheduled_job_type.run_scheduled_jo..., kwargs={'job_type': 'frappe.email.doctype.email_account.email_account.notify_unrep..., method='frappe.core.doctype.scheduled_job_type.scheduled_job_type.run_scheduled_jo..., site='dev.localhost', user='Administrator') (dev.localhost::scheduled_job::frappe.email.doctype.email_account.email_account.notify_unreplied)
2025-05-13 10:15:44,782 workspaces-library_management-frappe-bench:default: Job OK (dev.localhost::scheduled_job::frappe.email.doctype.email_account.email_account.notify_unreplied)
2025-05-13 10:15:44,782 Result is kept for 600 seconds
2025-05-13 10:18:42,274 workspaces-library_management-frappe-bench:default: frappe.utils.background_jobs.execute_job(event=None, is_async=True, job_name='frappe.core.doctype.scheduled_job_type.scheduled_job_type.run_scheduled_jo..., kwargs={'job_type': 'frappe.email.queue.flush'}, method='frappe.core.doctype.scheduled_job_type.scheduled_job_type.run_scheduled_jo..., site='dev.localhost', user='Administrator') (dev.localhost::scheduled_job::frappe.email.queue.flush)
2025-05-13 10:18:42,671 workspaces-library_management-frappe-bench:default: Job OK (dev.localhost::scheduled_job::frappe.email.queue.flush)
2025-05-13 10:18:42,671 Result is kept for 600 seconds
2025-05-13 10:18:42,677 Cleaning registries for queue: workspaces-library_management-frappe-bench:short
2025-05-13 10:18:42,679 Cleaning registries for queue: workspaces-library_management-frappe-bench:default
2025-05-13 10:18:42,680 Cleaning registries for queue: workspaces-library_management-frappe-bench:long
2025-05-13 10:18:42,682 workspaces-library_management-frappe-bench:default: frappe.utils.background_jobs.execute_job(event=None, is_async=True, job_name='frappe.core.doctype.scheduled_job_type.scheduled_job_type.run_scheduled_jo..., kwargs={'job_type': 'frappe.monitor.flush'}, method='frappe.core.doctype.scheduled_job_type.scheduled_job_type.run_scheduled_jo..., site='dev.localhost', user='Administrator') (dev.localhost::scheduled_job::frappe.monitor.flush)
2025-05-13 10:18:43,003 workspaces-library_management-frappe-bench:default: Job OK (dev.localhost::scheduled_job::frappe.monitor.flush)
2025-05-13 10:18:43,003 Result is kept for 600 seconds
2025-05-13 10:18:43,010 workspaces-library_management-frappe-bench:default: frappe.utils.background_jobs.execute_job(event=None, is_async=True, job_name='frappe.core.doctype.scheduled_job_type.scheduled_job_type.run_scheduled_jo..., kwargs={'job_type': 'frappe.integrations.doctype.google_calendar.google_calendar.s..., method='frappe.core.doctype.scheduled_job_type.scheduled_job_type.run_scheduled_jo..., site='dev.localhost', user='Administrator') (dev.localhost::scheduled_job::frappe.integrations.doctype.google_calendar.google_calendar.sync)
2025-05-13 10:18:43,487 workspaces-library_management-frappe-bench:default: Job OK (dev.localhost::scheduled_job::frappe.integrations.doctype.google_calendar.google_calendar.sync)
2025-05-13 10:18:43,487 Result is kept for 600 seconds
2025-05-13 10:20:42,403 workspaces-library_management-frappe-bench:default: frappe.utils.background_jobs.execute_job(event=None, is_async=True, job_name='frappe.core.doctype.scheduled_job_type.scheduled_job_type.run_scheduled_jo..., kwargs={'job_type': 'frappe.email.doctype.email_account.email_account.pull'}, method='frappe.core.doctype.scheduled_job_type.scheduled_job_type.run_scheduled_jo..., site='dev.localhost', user='Administrator') (dev.localhost::scheduled_job::frappe.email.doctype.email_account.email_account.pull)
2025-05-13 10:20:42,741 workspaces-library_management-frappe-bench:default: Job OK (dev.localhost::scheduled_job::frappe.email.doctype.email_account.email_account.pull)
2025-05-13 10:20:42,741 Result is kept for 600 seconds
2025-05-13 10:22:42,461 workspaces-library_management-frappe-bench:default: frappe.utils.background_jobs.execute_job(event=None, is_async=True, job_name='frappe.core.doctype.scheduled_job_type.scheduled_job_type.run_scheduled_jo..., kwargs={'job_type': 'frappe.email.queue.flush'}, method='frappe.core.doctype.scheduled_job_type.scheduled_job_type.run_scheduled_jo..., site='dev.localhost', user='Administrator') (dev.localhost::scheduled_job::frappe.email.queue.flush)
2025-05-13 10:22:42,861 workspaces-library_management-frappe-bench:default: Job OK (dev.localhost::scheduled_job::frappe.email.queue.flush)
2025-05-13 10:22:42,862 Result is kept for 600 seconds
2025-05-13 10:22:42,869 workspaces-library_management-frappe-bench:default: frappe.utils.background_jobs.execute_job(event=None, is_async=True, job_name='frappe.core.doctype.scheduled_job_type.scheduled_job_type.run_scheduled_jo..., kwargs={'job_type': 'frappe.integrations.doctype.google_calendar.google_calendar.s..., method='frappe.core.doctype.scheduled_job_type.scheduled_job_type.run_scheduled_jo..., site='dev.localhost', user='Administrator') (dev.localhost::scheduled_job::frappe.integrations.doctype.google_calendar.google_calendar.sync)
2025-05-13 10:22:43,332 workspaces-library_management-frappe-bench:default: Job OK (dev.localhost::scheduled_job::frappe.integrations.doctype.google_calendar.google_calendar.sync)
2025-05-13 10:22:43,332 Result is kept for 600 seconds
2025-05-13 10:22:43,341 workspaces-library_management-frappe-bench:default: frappe.utils.background_jobs.execute_job(event=None, is_async=True, job_name='frappe.core.doctype.scheduled_job_type.scheduled_job_type.run_scheduled_jo..., kwargs={'job_type': 'frappe.monitor.flush'}, method='frappe.core.doctype.scheduled_job_type.scheduled_job_type.run_scheduled_jo..., site='dev.localhost', user='Administrator') (dev.localhost::scheduled_job::frappe.monitor.flush)
2025-05-13 10:22:43,674 workspaces-library_management-frappe-bench:default: Job OK (dev.localhost::scheduled_job::frappe.monitor.flush)
2025-05-13 10:22:43,674 Result is kept for 600 seconds
2025-05-13 10:26:42,607 workspaces-library_management-frappe-bench:default: frappe.utils.background_jobs.execute_job(event=None, is_async=True, job_name='frappe.core.doctype.scheduled_job_type.scheduled_job_type.run_scheduled_jo..., kwargs={'job_type': 'frappe.integrations.doctype.google_calendar.google_calendar.s..., method='frappe.core.doctype.scheduled_job_type.scheduled_job_type.run_scheduled_jo..., site='dev.localhost', user='Administrator') (dev.localhost::scheduled_job::frappe.integrations.doctype.google_calendar.google_calendar.sync)
2025-05-13 10:26:43,130 workspaces-library_management-frappe-bench:default: Job OK (dev.localhost::scheduled_job::frappe.integrations.doctype.google_calendar.google_calendar.sync)
2025-05-13 10:26:43,130 Result is kept for 600 seconds
2025-05-13 10:26:43,138 workspaces-library_management-frappe-bench:default: frappe.utils.background_jobs.execute_job(event=None, is_async=True, job_name='frappe.core.doctype.scheduled_job_type.scheduled_job_type.run_scheduled_jo..., kwargs={'job_type': 'frappe.email.queue.flush'}, method='frappe.core.doctype.scheduled_job_type.scheduled_job_type.run_scheduled_jo..., site='dev.localhost', user='Administrator') (dev.localhost::scheduled_job::frappe.email.queue.flush)
2025-05-13 10:26:43,588 workspaces-library_management-frappe-bench:default: Job OK (dev.localhost::scheduled_job::frappe.email.queue.flush)
2025-05-13 10:26:43,588 Result is kept for 600 seconds
2025-05-13 10:26:43,595 workspaces-library_management-frappe-bench:default: frappe.utils.background_jobs.execute_job(event=None, is_async=True, job_name='frappe.core.doctype.scheduled_job_type.scheduled_job_type.run_scheduled_jo..., kwargs={'job_type': 'frappe.monitor.flush'}, method='frappe.core.doctype.scheduled_job_type.scheduled_job_type.run_scheduled_jo..., site='dev.localhost', user='Administrator') (dev.localhost::scheduled_job::frappe.monitor.flush)
2025-05-13 10:26:43,934 workspaces-library_management-frappe-bench:default: Job OK (dev.localhost::scheduled_job::frappe.monitor.flush)
2025-05-13 10:26:43,935 Result is kept for 600 seconds
2025-05-13 10:30:42,766 workspaces-library_management-frappe-bench:default: frappe.utils.background_jobs.execute_job(event=None, is_async=True, job_name='frappe.core.doctype.scheduled_job_type.scheduled_job_type.run_scheduled_jo..., kwargs={'job_type': 'frappe.model.utils.user_settings.sync_user_settings'}, method='frappe.core.doctype.scheduled_job_type.scheduled_job_type.run_scheduled_jo..., site='dev.localhost', user='Administrator') (dev.localhost::scheduled_job::frappe.model.utils.user_settings.sync_user_settings)
2025-05-13 10:30:43,176 workspaces-library_management-frappe-bench:default: Job OK (dev.localhost::scheduled_job::frappe.model.utils.user_settings.sync_user_settings)
2025-05-13 10:30:43,176 Result is kept for 600 seconds
2025-05-13 10:30:43,183 workspaces-library_management-frappe-bench:default: frappe.utils.background_jobs.execute_job(event=None, is_async=True, job_name='frappe.core.doctype.scheduled_job_type.scheduled_job_type.run_scheduled_jo..., kwargs={'job_type': 'frappe.email.queue.flush'}, method='frappe.core.doctype.scheduled_job_type.scheduled_job_type.run_scheduled_jo..., site='dev.localhost', user='Administrator') (dev.localhost::scheduled_job::frappe.email.queue.flush)
2025-05-13 10:30:43,565 workspaces-library_management-frappe-bench:default: Job OK (dev.localhost::scheduled_job::frappe.email.queue.flush)
2025-05-13 10:30:43,565 Result is kept for 600 seconds
2025-05-13 10:30:43,574 workspaces-library_management-frappe-bench:default: frappe.utils.background_jobs.execute_job(event=None, is_async=True, job_name='frappe.core.doctype.scheduled_job_type.scheduled_job_type.run_scheduled_jo..., kwargs={'job_type': 'frappe.oauth.delete_oauth2_data'}, method='frappe.core.doctype.scheduled_job_type.scheduled_job_type.run_scheduled_jo..., site='dev.localhost', user='Administrator') (dev.localhost::scheduled_job::frappe.oauth.delete_oauth2_data)
2025-05-13 10:30:43,954 workspaces-library_management-frappe-bench:default: Job OK (dev.localhost::scheduled_job::frappe.oauth.delete_oauth2_data)
2025-05-13 10:30:43,954 Result is kept for 600 seconds
2025-05-13 10:30:43,961 workspaces-library_management-frappe-bench:default: frappe.utils.background_jobs.execute_job(event=None, is_async=True, job_name='frappe.core.doctype.scheduled_job_type.scheduled_job_type.run_scheduled_jo..., kwargs={'job_type': 'frappe.twofactor.delete_all_barcodes_for_users'}, method='frappe.core.doctype.scheduled_job_type.scheduled_job_type.run_scheduled_jo..., site='dev.localhost', user='Administrator') (dev.localhost::scheduled_job::frappe.twofactor.delete_all_barcodes_for_users)
2025-05-13 10:30:44,292 workspaces-library_management-frappe-bench:default: Job OK (dev.localhost::scheduled_job::frappe.twofactor.delete_all_barcodes_for_users)
2025-05-13 10:30:44,292 Result is kept for 600 seconds
2025-05-13 10:30:44,299 workspaces-library_management-frappe-bench:default: frappe.utils.background_jobs.execute_job(event=None, is_async=True, job_name='frappe.core.doctype.scheduled_job_type.scheduled_job_type.run_scheduled_jo..., kwargs={'job_type': 'frappe.model.utils.link_count.update_link_count'}, method='frappe.core.doctype.scheduled_job_type.scheduled_job_type.run_scheduled_jo..., site='dev.localhost', user='Administrator') (dev.localhost::scheduled_job::frappe.model.utils.link_count.update_link_count)
2025-05-13 10:30:44,638 workspaces-library_management-frappe-bench:default: Job OK (dev.localhost::scheduled_job::frappe.model.utils.link_count.update_link_count)
2025-05-13 10:30:44,638 Result is kept for 600 seconds
2025-05-13 10:30:44,664 workspaces-library_management-frappe-bench:default: frappe.utils.background_jobs.execute_job(event=None, is_async=True, job_name='frappe.core.doctype.scheduled_job_type.scheduled_job_type.run_scheduled_jo..., kwargs={'job_type': 'frappe.email.doctype.newsletter.newsletter.send_scheduled_ema..., method='frappe.core.doctype.scheduled_job_type.scheduled_job_type.run_scheduled_jo..., site='dev.localhost', user='Administrator') (dev.localhost::scheduled_job::frappe.email.doctype.newsletter.newsletter.send_scheduled_email)
2025-05-13 10:30:45,158 workspaces-library_management-frappe-bench:default: Job OK (dev.localhost::scheduled_job::frappe.email.doctype.newsletter.newsletter.send_scheduled_email)
2025-05-13 10:30:45,159 Result is kept for 600 seconds
2025-05-13 10:30:45,166 workspaces-library_management-frappe-bench:default: frappe.utils.background_jobs.execute_job(event=None, is_async=True, job_name='frappe.core.doctype.scheduled_job_type.scheduled_job_type.run_scheduled_jo..., kwargs={'job_type': 'frappe.website.doctype.personal_data_deletion_request.persona..., method='frappe.core.doctype.scheduled_job_type.scheduled_job_type.run_scheduled_jo..., site='dev.localhost', user='Administrator') (dev.localhost::scheduled_job::frappe.website.doctype.personal_data_deletion_request.personal_data_deletion_request.process_data_deletion_request)
2025-05-13 10:30:45,512 workspaces-library_management-frappe-bench:default: Job OK (dev.localhost::scheduled_job::frappe.website.doctype.personal_data_deletion_request.personal_data_deletion_request.process_data_deletion_request)
2025-05-13 10:30:45,512 Result is kept for 600 seconds
2025-05-13 10:30:45,519 workspaces-library_management-frappe-bench:default: frappe.utils.background_jobs.execute_job(event=None, is_async=True, job_name='frappe.core.doctype.scheduled_job_type.scheduled_job_type.run_scheduled_jo..., kwargs={'job_type': 'frappe.monitor.flush'}, method='frappe.core.doctype.scheduled_job_type.scheduled_job_type.run_scheduled_jo..., site='dev.localhost', user='Administrator') (dev.localhost::scheduled_job::frappe.monitor.flush)
2025-05-13 10:30:45,824 workspaces-library_management-frappe-bench:default: Job OK (dev.localhost::scheduled_job::frappe.monitor.flush)
2025-05-13 10:30:45,824 Result is kept for 600 seconds
2025-05-13 10:30:45,831 workspaces-library_management-frappe-bench:default: frappe.utils.background_jobs.execute_job(event=None, is_async=True, job_name='frappe.core.doctype.scheduled_job_type.scheduled_job_type.run_scheduled_jo..., kwargs={'job_type': 'frappe.email.doctype.email_account.email_account.notify_unrep..., method='frappe.core.doctype.scheduled_job_type.scheduled_job_type.run_scheduled_jo..., site='dev.localhost', user='Administrator') (dev.localhost::scheduled_job::frappe.email.doctype.email_account.email_account.notify_unreplied)
2025-05-13 10:30:46,296 workspaces-library_management-frappe-bench:default: Job OK (dev.localhost::scheduled_job::frappe.email.doctype.email_account.email_account.notify_unreplied)
2025-05-13 10:30:46,296 Result is kept for 600 seconds
2025-05-13 10:30:46,303 workspaces-library_management-frappe-bench:default: frappe.utils.background_jobs.execute_job(event=None, is_async=True, job_name='frappe.core.doctype.scheduled_job_type.scheduled_job_type.run_scheduled_jo..., kwargs={'job_type': 'frappe.deferred_insert.save_to_db'}, method='frappe.core.doctype.scheduled_job_type.scheduled_job_type.run_scheduled_jo..., site='dev.localhost', user='Administrator') (dev.localhost::scheduled_job::frappe.deferred_insert.save_to_db)
2025-05-13 10:30:46,618 workspaces-library_management-frappe-bench:default: Job OK (dev.localhost::scheduled_job::frappe.deferred_insert.save_to_db)
2025-05-13 10:30:46,618 Result is kept for 600 seconds
2025-05-13 10:30:46,626 workspaces-library_management-frappe-bench:default: frappe.utils.background_jobs.execute_job(event=None, is_async=True, job_name='frappe.core.doctype.scheduled_job_type.scheduled_job_type.run_scheduled_jo..., kwargs={'job_type': 'frappe.automation.doctype.reminder.reminder.send_reminders'}, method='frappe.core.doctype.scheduled_job_type.scheduled_job_type.run_scheduled_jo..., site='dev.localhost', user='Administrator') (dev.localhost::scheduled_job::frappe.automation.doctype.reminder.reminder.send_reminders)
2025-05-13 10:30:47,038 workspaces-library_management-frappe-bench:default: Job OK (dev.localhost::scheduled_job::frappe.automation.doctype.reminder.reminder.send_reminders)
2025-05-13 10:30:47,038 Result is kept for 600 seconds
2025-05-13 10:30:47,046 workspaces-library_management-frappe-bench:default: frappe.utils.background_jobs.execute_job(event=None, is_async=True, job_name='frappe.core.doctype.scheduled_job_type.scheduled_job_type.run_scheduled_jo..., kwargs={'job_type': 'frappe.integrations.doctype.google_calendar.google_calendar.s..., method='frappe.core.doctype.scheduled_job_type.scheduled_job_type.run_scheduled_jo..., site='dev.localhost', user='Administrator') (dev.localhost::scheduled_job::frappe.integrations.doctype.google_calendar.google_calendar.sync)
2025-05-13 10:30:47,537 workspaces-library_management-frappe-bench:default: Job OK (dev.localhost::scheduled_job::frappe.integrations.doctype.google_calendar.google_calendar.sync)
2025-05-13 10:30:47,537 Result is kept for 600 seconds
2025-05-13 10:30:47,544 workspaces-library_management-frappe-bench:default: frappe.utils.background_jobs.execute_job(event=None, is_async=True, job_name='frappe.core.doctype.scheduled_job_type.scheduled_job_type.run_scheduled_jo..., kwargs={'job_type': 'frappe.desk.form.document_follow.send_hourly_updates'}, method='frappe.core.doctype.scheduled_job_type.scheduled_job_type.run_scheduled_jo..., site='dev.localhost', user='Administrator') (dev.localhost::scheduled_job::frappe.desk.form.document_follow.send_hourly_updates)
2025-05-13 10:30:47,855 workspaces-library_management-frappe-bench:default: Job OK (dev.localhost::scheduled_job::frappe.desk.form.document_follow.send_hourly_updates)
2025-05-13 10:30:47,855 Result is kept for 600 seconds
2025-05-13 10:30:47,862 workspaces-library_management-frappe-bench:default: frappe.utils.background_jobs.execute_job(event=None, is_async=True, job_name='frappe.core.doctype.scheduled_job_type.scheduled_job_type.run_scheduled_jo..., kwargs={'job_type': 'frappe.website.doctype.web_page.web_page.check_publish_status..., method='frappe.core.doctype.scheduled_job_type.scheduled_job_type.run_scheduled_jo..., site='dev.localhost', user='Administrator') (dev.localhost::scheduled_job::frappe.website.doctype.web_page.web_page.check_publish_status)
2025-05-13 10:30:48,259 workspaces-library_management-frappe-bench:default: Job OK (dev.localhost::scheduled_job::frappe.website.doctype.web_page.web_page.check_publish_status)
2025-05-13 10:30:48,259 Result is kept for 600 seconds
2025-05-13 10:30:48,267 workspaces-library_management-frappe-bench:default: frappe.utils.background_jobs.execute_job(event=None, is_async=True, job_name='frappe.core.doctype.scheduled_job_type.scheduled_job_type.run_scheduled_jo..., kwargs={'job_type': 'frappe.desk.page.backups.backups.delete_downloadable_backups'..., method='frappe.core.doctype.scheduled_job_type.scheduled_job_type.run_scheduled_jo..., site='dev.localhost', user='Administrator') (dev.localhost::scheduled_job::frappe.desk.page.backups.backups.delete_downloadable_backups)
2025-05-13 10:30:48,592 workspaces-library_management-frappe-bench:default: Job OK (dev.localhost::scheduled_job::frappe.desk.page.backups.backups.delete_downloadable_backups)
2025-05-13 10:30:48,592 Result is kept for 600 seconds
2025-05-13 10:30:48,599 workspaces-library_management-frappe-bench:default: frappe.utils.background_jobs.execute_job(event=None, is_async=True, job_name='frappe.core.doctype.scheduled_job_type.scheduled_job_type.run_scheduled_jo..., kwargs={'job_type': 'frappe.utils.global_search.sync_global_search'}, method='frappe.core.doctype.scheduled_job_type.scheduled_job_type.run_scheduled_jo..., site='dev.localhost', user='Administrator') (dev.localhost::scheduled_job::frappe.utils.global_search.sync_global_search)
2025-05-13 10:30:48,991 workspaces-library_management-frappe-bench:default: Job OK (dev.localhost::scheduled_job::frappe.utils.global_search.sync_global_search)
2025-05-13 10:30:48,991 Result is kept for 600 seconds
2025-05-13 10:30:48,998 workspaces-library_management-frappe-bench:default: frappe.utils.background_jobs.execute_job(event=None, is_async=True, job_name='frappe.core.doctype.scheduled_job_type.scheduled_job_type.run_scheduled_jo..., kwargs={'job_type': 'frappe.email.doctype.email_account.email_account.pull'}, method='frappe.core.doctype.scheduled_job_type.scheduled_job_type.run_scheduled_jo..., site='dev.localhost', user='Administrator') (dev.localhost::scheduled_job::frappe.email.doctype.email_account.email_account.pull)
2025-05-13 10:30:49,358 workspaces-library_management-frappe-bench:default: Job OK (dev.localhost::scheduled_job::frappe.email.doctype.email_account.email_account.pull)
2025-05-13 10:30:49,358 Result is kept for 600 seconds
2025-05-13 10:34:43,002 workspaces-library_management-frappe-bench:default: frappe.utils.background_jobs.execute_job(event=None, is_async=True, job_name='frappe.core.doctype.scheduled_job_type.scheduled_job_type.run_scheduled_jo..., kwargs={'job_type': 'frappe.email.queue.flush'}, method='frappe.core.doctype.scheduled_job_type.scheduled_job_type.run_scheduled_jo..., site='dev.localhost', user='Administrator') (dev.localhost::scheduled_job::frappe.email.queue.flush)
2025-05-13 10:34:43,484 workspaces-library_management-frappe-bench:default: Job OK (dev.localhost::scheduled_job::frappe.email.queue.flush)
2025-05-13 10:34:43,484 Result is kept for 600 seconds
2025-05-13 10:34:43,493 workspaces-library_management-frappe-bench:default: frappe.utils.background_jobs.execute_job(event=None, is_async=True, job_name='frappe.core.doctype.scheduled_job_type.scheduled_job_type.run_scheduled_jo..., kwargs={'job_type': 'frappe.integrations.doctype.google_calendar.google_calendar.s..., method='frappe.core.doctype.scheduled_job_type.scheduled_job_type.run_scheduled_jo..., site='dev.localhost', user='Administrator') (dev.localhost::scheduled_job::frappe.integrations.doctype.google_calendar.google_calendar.sync)
2025-05-13 10:34:43,940 workspaces-library_management-frappe-bench:default: Job OK (dev.localhost::scheduled_job::frappe.integrations.doctype.google_calendar.google_calendar.sync)
2025-05-13 10:34:43,940 Result is kept for 600 seconds
2025-05-13 10:34:43,948 workspaces-library_management-frappe-bench:default: frappe.utils.background_jobs.execute_job(event=None, is_async=True, job_name='frappe.core.doctype.scheduled_job_type.scheduled_job_type.run_scheduled_jo..., kwargs={'job_type': 'frappe.monitor.flush'}, method='frappe.core.doctype.scheduled_job_type.scheduled_job_type.run_scheduled_jo..., site='dev.localhost', user='Administrator') (dev.localhost::scheduled_job::frappe.monitor.flush)
2025-05-13 10:34:44,303 workspaces-library_management-frappe-bench:default: Job OK (dev.localhost::scheduled_job::frappe.monitor.flush)
2025-05-13 10:34:44,303 Result is kept for 600 seconds
2025-05-13 10:38:43,205 workspaces-library_management-frappe-bench:default: frappe.utils.background_jobs.execute_job(event=None, is_async=True, job_name='frappe.core.doctype.scheduled_job_type.scheduled_job_type.run_scheduled_jo..., kwargs={'job_type': 'frappe.integrations.doctype.google_calendar.google_calendar.s..., method='frappe.core.doctype.scheduled_job_type.scheduled_job_type.run_scheduled_jo..., site='dev.localhost', user='Administrator') (dev.localhost::scheduled_job::frappe.integrations.doctype.google_calendar.google_calendar.sync)
2025-05-13 10:38:43,758 workspaces-library_management-frappe-bench:default: Job OK (dev.localhost::scheduled_job::frappe.integrations.doctype.google_calendar.google_calendar.sync)
2025-05-13 10:38:43,758 Result is kept for 600 seconds
2025-05-13 10:38:43,770 workspaces-library_management-frappe-bench:default: frappe.utils.background_jobs.execute_job(event=None, is_async=True, job_name='frappe.core.doctype.scheduled_job_type.scheduled_job_type.run_scheduled_jo..., kwargs={'job_type': 'frappe.email.queue.flush'}, method='frappe.core.doctype.scheduled_job_type.scheduled_job_type.run_scheduled_jo..., site='dev.localhost', user='Administrator') (dev.localhost::scheduled_job::frappe.email.queue.flush)
2025-05-13 10:38:44,310 workspaces-library_management-frappe-bench:default: Job OK (dev.localhost::scheduled_job::frappe.email.queue.flush)
2025-05-13 10:38:44,310 Result is kept for 600 seconds
2025-05-13 10:38:44,318 workspaces-library_management-frappe-bench:default: frappe.utils.background_jobs.execute_job(event=None, is_async=True, job_name='frappe.core.doctype.scheduled_job_type.scheduled_job_type.run_scheduled_jo..., kwargs={'job_type': 'frappe.monitor.flush'}, method='frappe.core.doctype.scheduled_job_type.scheduled_job_type.run_scheduled_jo..., site='dev.localhost', user='Administrator') (dev.localhost::scheduled_job::frappe.monitor.flush)
2025-05-13 10:38:44,644 workspaces-library_management-frappe-bench:default: Job OK (dev.localhost::scheduled_job::frappe.monitor.flush)
2025-05-13 10:38:44,644 Result is kept for 600 seconds
2025-05-13 10:40:43,305 workspaces-library_management-frappe-bench:default: frappe.utils.background_jobs.execute_job(event=None, is_async=True, job_name='frappe.core.doctype.scheduled_job_type.scheduled_job_type.run_scheduled_jo..., kwargs={'job_type': 'frappe.email.doctype.email_account.email_account.pull'}, method='frappe.core.doctype.scheduled_job_type.scheduled_job_type.run_scheduled_jo..., site='dev.localhost', user='Administrator') (dev.localhost::scheduled_job::frappe.email.doctype.email_account.email_account.pull)
2025-05-13 10:40:43,705 workspaces-library_management-frappe-bench:default: Job OK (dev.localhost::scheduled_job::frappe.email.doctype.email_account.email_account.pull)
2025-05-13 10:40:43,705 Result is kept for 600 seconds
2025-05-13 10:40:43,712 Cleaning registries for queue: workspaces-library_management-frappe-bench:short
2025-05-13 10:40:43,713 Cleaning registries for queue: workspaces-library_management-frappe-bench:default
2025-05-13 10:40:43,714 Cleaning registries for queue: workspaces-library_management-frappe-bench:long
2025-05-13 10:42:43,401 workspaces-library_management-frappe-bench:default: frappe.utils.background_jobs.execute_job(event=None, is_async=True, job_name='frappe.core.doctype.scheduled_job_type.scheduled_job_type.run_scheduled_jo..., kwargs={'job_type': 'frappe.email.queue.flush'}, method='frappe.core.doctype.scheduled_job_type.scheduled_job_type.run_scheduled_jo..., site='dev.localhost', user='Administrator') (dev.localhost::scheduled_job::frappe.email.queue.flush)
2025-05-13 10:42:43,824 workspaces-library_management-frappe-bench:default: Job OK (dev.localhost::scheduled_job::frappe.email.queue.flush)
2025-05-13 10:42:43,824 Result is kept for 600 seconds
2025-05-13 10:42:43,831 workspaces-library_management-frappe-bench:default: frappe.utils.background_jobs.execute_job(event=None, is_async=True, job_name='frappe.core.doctype.scheduled_job_type.scheduled_job_type.run_scheduled_jo..., kwargs={'job_type': 'frappe.monitor.flush'}, method='frappe.core.doctype.scheduled_job_type.scheduled_job_type.run_scheduled_jo..., site='dev.localhost', user='Administrator') (dev.localhost::scheduled_job::frappe.monitor.flush)
2025-05-13 10:42:44,210 workspaces-library_management-frappe-bench:default: Job OK (dev.localhost::scheduled_job::frappe.monitor.flush)
2025-05-13 10:42:44,210 Result is kept for 600 seconds
2025-05-13 10:42:44,219 workspaces-library_management-frappe-bench:default: frappe.utils.background_jobs.execute_job(event=None, is_async=True, job_name='frappe.core.doctype.scheduled_job_type.scheduled_job_type.run_scheduled_jo..., kwargs={'job_type': 'frappe.integrations.doctype.google_calendar.google_calendar.s..., method='frappe.core.doctype.scheduled_job_type.scheduled_job_type.run_scheduled_jo..., site='dev.localhost', user='Administrator') (dev.localhost::scheduled_job::frappe.integrations.doctype.google_calendar.google_calendar.sync)
2025-05-13 10:42:44,720 workspaces-library_management-frappe-bench:default: Job OK (dev.localhost::scheduled_job::frappe.integrations.doctype.google_calendar.google_calendar.sync)
2025-05-13 10:42:44,720 Result is kept for 600 seconds
2025-05-13 10:45:43,506 workspaces-library_management-frappe-bench:default: frappe.utils.background_jobs.execute_job(event=None, is_async=True, job_name='frappe.core.doctype.scheduled_job_type.scheduled_job_type.run_scheduled_jo..., kwargs={'job_type': 'frappe.website.doctype.web_page.web_page.check_publish_status..., method='frappe.core.doctype.scheduled_job_type.scheduled_job_type.run_scheduled_jo..., site='dev.localhost', user='Administrator') (dev.localhost::scheduled_job::frappe.website.doctype.web_page.web_page.check_publish_status)
2025-05-13 10:45:43,901 workspaces-library_management-frappe-bench:default: Job OK (dev.localhost::scheduled_job::frappe.website.doctype.web_page.web_page.check_publish_status)
2025-05-13 10:45:43,901 Result is kept for 600 seconds
2025-05-13 10:45:43,908 workspaces-library_management-frappe-bench:default: frappe.utils.background_jobs.execute_job(event=None, is_async=True, job_name='frappe.core.doctype.scheduled_job_type.scheduled_job_type.run_scheduled_jo..., kwargs={'job_type': 'frappe.deferred_insert.save_to_db'}, method='frappe.core.doctype.scheduled_job_type.scheduled_job_type.run_scheduled_jo..., site='dev.localhost', user='Administrator') (dev.localhost::scheduled_job::frappe.deferred_insert.save_to_db)
2025-05-13 10:45:44,243 workspaces-library_management-frappe-bench:default: Job OK (dev.localhost::scheduled_job::frappe.deferred_insert.save_to_db)
2025-05-13 10:45:44,243 Result is kept for 600 seconds
2025-05-13 10:45:44,250 workspaces-library_management-frappe-bench:default: frappe.utils.background_jobs.execute_job(event=None, is_async=True, job_name='frappe.core.doctype.scheduled_job_type.scheduled_job_type.run_scheduled_jo..., kwargs={'job_type': 'frappe.email.doctype.email_account.email_account.notify_unrep..., method='frappe.core.doctype.scheduled_job_type.scheduled_job_type.run_scheduled_jo..., site='dev.localhost', user='Administrator') (dev.localhost::scheduled_job::frappe.email.doctype.email_account.email_account.notify_unreplied)
2025-05-13 10:45:44,632 workspaces-library_management-frappe-bench:default: Job OK (dev.localhost::scheduled_job::frappe.email.doctype.email_account.email_account.notify_unreplied)
2025-05-13 10:45:44,632 Result is kept for 600 seconds
2025-05-13 10:45:44,639 workspaces-library_management-frappe-bench:default: frappe.utils.background_jobs.execute_job(event=None, is_async=True, job_name='frappe.core.doctype.scheduled_job_type.scheduled_job_type.run_scheduled_jo..., kwargs={'job_type': 'frappe.twofactor.delete_all_barcodes_for_users'}, method='frappe.core.doctype.scheduled_job_type.scheduled_job_type.run_scheduled_jo..., site='dev.localhost', user='Administrator') (dev.localhost::scheduled_job::frappe.twofactor.delete_all_barcodes_for_users)
2025-05-13 10:45:44,971 workspaces-library_management-frappe-bench:default: Job OK (dev.localhost::scheduled_job::frappe.twofactor.delete_all_barcodes_for_users)
2025-05-13 10:45:44,971 Result is kept for 600 seconds
2025-05-13 10:45:44,977 workspaces-library_management-frappe-bench:default: frappe.utils.background_jobs.execute_job(event=None, is_async=True, job_name='frappe.core.doctype.scheduled_job_type.scheduled_job_type.run_scheduled_jo..., kwargs={'job_type': 'frappe.automation.doctype.reminder.reminder.send_reminders'}, method='frappe.core.doctype.scheduled_job_type.scheduled_job_type.run_scheduled_jo..., site='dev.localhost', user='Administrator') (dev.localhost::scheduled_job::frappe.automation.doctype.reminder.reminder.send_reminders)
2025-05-13 10:45:45,324 workspaces-library_management-frappe-bench:default: Job OK (dev.localhost::scheduled_job::frappe.automation.doctype.reminder.reminder.send_reminders)
2025-05-13 10:45:45,324 Result is kept for 600 seconds
2025-05-13 10:45:45,330 workspaces-library_management-frappe-bench:default: frappe.utils.background_jobs.execute_job(event=None, is_async=True, job_name='frappe.core.doctype.scheduled_job_type.scheduled_job_type.run_scheduled_jo..., kwargs={'job_type': 'frappe.utils.global_search.sync_global_search'}, method='frappe.core.doctype.scheduled_job_type.scheduled_job_type.run_scheduled_jo..., site='dev.localhost', user='Administrator') (dev.localhost::scheduled_job::frappe.utils.global_search.sync_global_search)
2025-05-13 10:45:45,742 workspaces-library_management-frappe-bench:default: Job OK (dev.localhost::scheduled_job::frappe.utils.global_search.sync_global_search)
2025-05-13 10:45:45,743 Result is kept for 600 seconds
2025-05-13 10:45:45,749 workspaces-library_management-frappe-bench:default: frappe.utils.background_jobs.execute_job(event=None, is_async=True, job_name='frappe.core.doctype.scheduled_job_type.scheduled_job_type.run_scheduled_jo..., kwargs={'job_type': 'frappe.oauth.delete_oauth2_data'}, method='frappe.core.doctype.scheduled_job_type.scheduled_job_type.run_scheduled_jo..., site='dev.localhost', user='Administrator') (dev.localhost::scheduled_job::frappe.oauth.delete_oauth2_data)
2025-05-13 10:45:46,078 workspaces-library_management-frappe-bench:default: Job OK (dev.localhost::scheduled_job::frappe.oauth.delete_oauth2_data)
2025-05-13 10:45:46,078 Result is kept for 600 seconds
2025-05-13 10:46:43,587 workspaces-library_management-frappe-bench:default: frappe.utils.background_jobs.execute_job(event=None, is_async=True, job_name='frappe.core.doctype.scheduled_job_type.scheduled_job_type.run_scheduled_jo..., kwargs={'job_type': 'frappe.monitor.flush'}, method='frappe.core.doctype.scheduled_job_type.scheduled_job_type.run_scheduled_jo..., site='dev.localhost', user='Administrator') (dev.localhost::scheduled_job::frappe.monitor.flush)
2025-05-13 10:46:43,939 workspaces-library_management-frappe-bench:default: Job OK (dev.localhost::scheduled_job::frappe.monitor.flush)
2025-05-13 10:46:43,939 Result is kept for 600 seconds
2025-05-13 10:46:43,946 workspaces-library_management-frappe-bench:default: frappe.utils.background_jobs.execute_job(event=None, is_async=True, job_name='frappe.core.doctype.scheduled_job_type.scheduled_job_type.run_scheduled_jo..., kwargs={'job_type': 'frappe.integrations.doctype.google_calendar.google_calendar.s..., method='frappe.core.doctype.scheduled_job_type.scheduled_job_type.run_scheduled_jo..., site='dev.localhost', user='Administrator') (dev.localhost::scheduled_job::frappe.integrations.doctype.google_calendar.google_calendar.sync)
2025-05-13 10:46:44,402 workspaces-library_management-frappe-bench:default: Job OK (dev.localhost::scheduled_job::frappe.integrations.doctype.google_calendar.google_calendar.sync)
2025-05-13 10:46:44,402 Result is kept for 600 seconds
2025-05-13 10:46:44,410 workspaces-library_management-frappe-bench:default: frappe.utils.background_jobs.execute_job(event=None, is_async=True, job_name='frappe.core.doctype.scheduled_job_type.scheduled_job_type.run_scheduled_jo..., kwargs={'job_type': 'frappe.email.queue.flush'}, method='frappe.core.doctype.scheduled_job_type.scheduled_job_type.run_scheduled_jo..., site='dev.localhost', user='Administrator') (dev.localhost::scheduled_job::frappe.email.queue.flush)
2025-05-13 10:46:44,836 workspaces-library_management-frappe-bench:default: Job OK (dev.localhost::scheduled_job::frappe.email.queue.flush)
2025-05-13 10:46:44,836 Result is kept for 600 seconds
2025-05-13 10:50:43,755 workspaces-library_management-frappe-bench:default: frappe.utils.background_jobs.execute_job(event=None, is_async=True, job_name='frappe.core.doctype.scheduled_job_type.scheduled_job_type.run_scheduled_jo..., kwargs={'job_type': 'frappe.email.queue.flush'}, method='frappe.core.doctype.scheduled_job_type.scheduled_job_type.run_scheduled_jo..., site='dev.localhost', user='Administrator') (dev.localhost::scheduled_job::frappe.email.queue.flush)
2025-05-13 10:50:44,185 workspaces-library_management-frappe-bench:default: Job OK (dev.localhost::scheduled_job::frappe.email.queue.flush)
2025-05-13 10:50:44,185 Result is kept for 600 seconds
2025-05-13 10:50:44,193 workspaces-library_management-frappe-bench:default: frappe.utils.background_jobs.execute_job(event=None, is_async=True, job_name='frappe.core.doctype.scheduled_job_type.scheduled_job_type.run_scheduled_jo..., kwargs={'job_type': 'frappe.monitor.flush'}, method='frappe.core.doctype.scheduled_job_type.scheduled_job_type.run_scheduled_jo..., site='dev.localhost', user='Administrator') (dev.localhost::scheduled_job::frappe.monitor.flush)
2025-05-13 10:50:44,573 workspaces-library_management-frappe-bench:default: Job OK (dev.localhost::scheduled_job::frappe.monitor.flush)
2025-05-13 10:50:44,573 Result is kept for 600 seconds
2025-05-13 10:50:44,610 workspaces-library_management-frappe-bench:default: frappe.utils.background_jobs.execute_job(event=None, is_async=True, job_name='frappe.core.doctype.scheduled_job_type.scheduled_job_type.run_scheduled_jo..., kwargs={'job_type': 'frappe.integrations.doctype.google_calendar.google_calendar.s..., method='frappe.core.doctype.scheduled_job_type.scheduled_job_type.run_scheduled_jo..., site='dev.localhost', user='Administrator') (dev.localhost::scheduled_job::frappe.integrations.doctype.google_calendar.google_calendar.sync)
2025-05-13 10:50:45,152 workspaces-library_management-frappe-bench:default: Job OK (dev.localhost::scheduled_job::frappe.integrations.doctype.google_calendar.google_calendar.sync)
2025-05-13 10:50:45,152 Result is kept for 600 seconds
2025-05-13 10:50:45,160 workspaces-library_management-frappe-bench:default: frappe.utils.background_jobs.execute_job(event=None, is_async=True, job_name='frappe.core.doctype.scheduled_job_type.scheduled_job_type.run_scheduled_jo..., kwargs={'job_type': 'frappe.email.doctype.email_account.email_account.pull'}, method='frappe.core.doctype.scheduled_job_type.scheduled_job_type.run_scheduled_jo..., site='dev.localhost', user='Administrator') (dev.localhost::scheduled_job::frappe.email.doctype.email_account.email_account.pull)
2025-05-13 10:50:45,490 workspaces-library_management-frappe-bench:default: Job OK (dev.localhost::scheduled_job::frappe.email.doctype.email_account.email_account.pull)
2025-05-13 10:50:45,490 Result is kept for 600 seconds
2025-05-13 10:54:43,926 workspaces-library_management-frappe-bench:default: frappe.utils.background_jobs.execute_job(event=None, is_async=True, job_name='frappe.core.doctype.scheduled_job_type.scheduled_job_type.run_scheduled_jo..., kwargs={'job_type': 'frappe.integrations.doctype.google_calendar.google_calendar.s..., method='frappe.core.doctype.scheduled_job_type.scheduled_job_type.run_scheduled_jo..., site='dev.localhost', user='Administrator') (dev.localhost::scheduled_job::frappe.integrations.doctype.google_calendar.google_calendar.sync)
2025-05-13 10:54:44,416 workspaces-library_management-frappe-bench:default: Job OK (dev.localhost::scheduled_job::frappe.integrations.doctype.google_calendar.google_calendar.sync)
2025-05-13 10:54:44,417 Result is kept for 600 seconds
2025-05-13 10:54:44,425 workspaces-library_management-frappe-bench:default: frappe.utils.background_jobs.execute_job(event=None, is_async=True, job_name='frappe.core.doctype.scheduled_job_type.scheduled_job_type.run_scheduled_jo..., kwargs={'job_type': 'frappe.email.queue.flush'}, method='frappe.core.doctype.scheduled_job_type.scheduled_job_type.run_scheduled_jo..., site='dev.localhost', user='Administrator') (dev.localhost::scheduled_job::frappe.email.queue.flush)
2025-05-13 10:54:44,848 workspaces-library_management-frappe-bench:default: Job OK (dev.localhost::scheduled_job::frappe.email.queue.flush)
2025-05-13 10:54:44,848 Result is kept for 600 seconds
2025-05-13 10:54:44,856 workspaces-library_management-frappe-bench:default: frappe.utils.background_jobs.execute_job(event=None, is_async=True, job_name='frappe.core.doctype.scheduled_job_type.scheduled_job_type.run_scheduled_jo..., kwargs={'job_type': 'frappe.monitor.flush'}, method='frappe.core.doctype.scheduled_job_type.scheduled_job_type.run_scheduled_jo..., site='dev.localhost', user='Administrator') (dev.localhost::scheduled_job::frappe.monitor.flush)
2025-05-13 10:54:45,215 workspaces-library_management-frappe-bench:default: Job OK (dev.localhost::scheduled_job::frappe.monitor.flush)
2025-05-13 10:54:45,215 Result is kept for 600 seconds
2025-05-13 10:58:44,057 workspaces-library_management-frappe-bench:default: frappe.utils.background_jobs.execute_job(event=None, is_async=True, job_name='frappe.core.doctype.scheduled_job_type.scheduled_job_type.run_scheduled_jo..., kwargs={'job_type': 'frappe.monitor.flush'}, method='frappe.core.doctype.scheduled_job_type.scheduled_job_type.run_scheduled_jo..., site='dev.localhost', user='Administrator') (dev.localhost::scheduled_job::frappe.monitor.flush)
2025-05-13 10:58:44,390 workspaces-library_management-frappe-bench:default: Job OK (dev.localhost::scheduled_job::frappe.monitor.flush)
2025-05-13 10:58:44,390 Result is kept for 600 seconds
2025-05-13 10:58:44,398 workspaces-library_management-frappe-bench:default: frappe.utils.background_jobs.execute_job(event=None, is_async=True, job_name='frappe.core.doctype.scheduled_job_type.scheduled_job_type.run_scheduled_jo..., kwargs={'job_type': 'frappe.email.queue.flush'}, method='frappe.core.doctype.scheduled_job_type.scheduled_job_type.run_scheduled_jo..., site='dev.localhost', user='Administrator') (dev.localhost::scheduled_job::frappe.email.queue.flush)
2025-05-13 10:58:44,807 workspaces-library_management-frappe-bench:default: Job OK (dev.localhost::scheduled_job::frappe.email.queue.flush)
2025-05-13 10:58:44,807 Result is kept for 600 seconds
2025-05-13 10:58:44,815 workspaces-library_management-frappe-bench:default: frappe.utils.background_jobs.execute_job(event=None, is_async=True, job_name='frappe.core.doctype.scheduled_job_type.scheduled_job_type.run_scheduled_jo..., kwargs={'job_type': 'frappe.integrations.doctype.google_calendar.google_calendar.s..., method='frappe.core.doctype.scheduled_job_type.scheduled_job_type.run_scheduled_jo..., site='dev.localhost', user='Administrator') (dev.localhost::scheduled_job::frappe.integrations.doctype.google_calendar.google_calendar.sync)
2025-05-13 10:58:45,394 workspaces-library_management-frappe-bench:default: Job OK (dev.localhost::scheduled_job::frappe.integrations.doctype.google_calendar.google_calendar.sync)
2025-05-13 10:58:45,395 Result is kept for 600 seconds
2025-05-13 11:00:44,143 workspaces-library_management-frappe-bench:default: frappe.utils.background_jobs.execute_job(event=None, is_async=True, job_name='frappe.core.doctype.scheduled_job_type.scheduled_job_type.run_scheduled_jo..., kwargs={'job_type': 'frappe.email.doctype.email_account.email_account.notify_unrep..., method='frappe.core.doctype.scheduled_job_type.scheduled_job_type.run_scheduled_jo..., site='dev.localhost', user='Administrator') (dev.localhost::scheduled_job::frappe.email.doctype.email_account.email_account.notify_unreplied)
2025-05-13 11:00:44,540 workspaces-library_management-frappe-bench:default: Job OK (dev.localhost::scheduled_job::frappe.email.doctype.email_account.email_account.notify_unreplied)
2025-05-13 11:00:44,540 Result is kept for 600 seconds
2025-05-13 11:00:44,546 Cleaning registries for queue: workspaces-library_management-frappe-bench:short
2025-05-13 11:00:44,548 Cleaning registries for queue: workspaces-library_management-frappe-bench:default
2025-05-13 11:00:44,549 Cleaning registries for queue: workspaces-library_management-frappe-bench:long
2025-05-13 11:00:44,551 workspaces-library_management-frappe-bench:default: frappe.utils.background_jobs.execute_job(event=None, is_async=True, job_name='frappe.core.doctype.scheduled_job_type.scheduled_job_type.run_scheduled_jo..., kwargs={'job_type': 'frappe.deferred_insert.save_to_db'}, method='frappe.core.doctype.scheduled_job_type.scheduled_job_type.run_scheduled_jo..., site='dev.localhost', user='Administrator') (dev.localhost::scheduled_job::frappe.deferred_insert.save_to_db)
2025-05-13 11:00:44,892 workspaces-library_management-frappe-bench:default: Job OK (dev.localhost::scheduled_job::frappe.deferred_insert.save_to_db)
2025-05-13 11:00:44,893 Result is kept for 600 seconds
2025-05-13 11:00:44,899 workspaces-library_management-frappe-bench:default: frappe.utils.background_jobs.execute_job(event=None, is_async=True, job_name='frappe.core.doctype.scheduled_job_type.scheduled_job_type.run_scheduled_jo..., kwargs={'job_type': 'frappe.core.doctype.prepared_report.prepared_report.expire_st..., method='frappe.core.doctype.scheduled_job_type.scheduled_job_type.run_scheduled_jo..., site='dev.localhost', user='Administrator') (dev.localhost::scheduled_job::frappe.core.doctype.prepared_report.prepared_report.expire_stalled_report)
2025-05-13 11:00:45,268 workspaces-library_management-frappe-bench:default: Job OK (dev.localhost::scheduled_job::frappe.core.doctype.prepared_report.prepared_report.expire_stalled_report)
2025-05-13 11:00:45,268 Result is kept for 600 seconds
2025-05-13 11:00:45,275 workspaces-library_management-frappe-bench:default: frappe.utils.background_jobs.execute_job(event=None, is_async=True, job_name='frappe.core.doctype.scheduled_job_type.scheduled_job_type.run_scheduled_jo..., kwargs={'job_type': 'frappe.website.doctype.web_page.web_page.check_publish_status..., method='frappe.core.doctype.scheduled_job_type.scheduled_job_type.run_scheduled_jo..., site='dev.localhost', user='Administrator') (dev.localhost::scheduled_job::frappe.website.doctype.web_page.web_page.check_publish_status)
2025-05-13 11:00:45,752 workspaces-library_management-frappe-bench:default: Job OK (dev.localhost::scheduled_job::frappe.website.doctype.web_page.web_page.check_publish_status)
2025-05-13 11:00:45,752 Result is kept for 600 seconds
2025-05-13 11:00:45,760 workspaces-library_management-frappe-bench:default: frappe.utils.background_jobs.execute_job(event=None, is_async=True, job_name='frappe.core.doctype.scheduled_job_type.scheduled_job_type.run_scheduled_jo..., kwargs={'job_type': 'frappe.oauth.delete_oauth2_data'}, method='frappe.core.doctype.scheduled_job_type.scheduled_job_type.run_scheduled_jo..., site='dev.localhost', user='Administrator') (dev.localhost::scheduled_job::frappe.oauth.delete_oauth2_data)
2025-05-13 11:00:46,141 workspaces-library_management-frappe-bench:default: Job OK (dev.localhost::scheduled_job::frappe.oauth.delete_oauth2_data)
2025-05-13 11:00:46,142 Result is kept for 600 seconds
2025-05-13 11:00:46,151 workspaces-library_management-frappe-bench:default: frappe.utils.background_jobs.execute_job(event=None, is_async=True, job_name='frappe.core.doctype.scheduled_job_type.scheduled_job_type.run_scheduled_jo..., kwargs={'job_type': 'frappe.utils.global_search.sync_global_search'}, method='frappe.core.doctype.scheduled_job_type.scheduled_job_type.run_scheduled_jo..., site='dev.localhost', user='Administrator') (dev.localhost::scheduled_job::frappe.utils.global_search.sync_global_search)
2025-05-13 11:00:46,568 workspaces-library_management-frappe-bench:default: Job OK (dev.localhost::scheduled_job::frappe.utils.global_search.sync_global_search)
2025-05-13 11:00:46,568 Result is kept for 600 seconds
2025-05-13 11:00:46,580 workspaces-library_management-frappe-bench:default: frappe.utils.background_jobs.execute_job(event=None, is_async=True, job_name='frappe.core.doctype.scheduled_job_type.scheduled_job_type.run_scheduled_jo..., kwargs={'job_type': 'frappe.twofactor.delete_all_barcodes_for_users'}, method='frappe.core.doctype.scheduled_job_type.scheduled_job_type.run_scheduled_jo..., site='dev.localhost', user='Administrator') (dev.localhost::scheduled_job::frappe.twofactor.delete_all_barcodes_for_users)
2025-05-13 11:00:46,985 workspaces-library_management-frappe-bench:default: Job OK (dev.localhost::scheduled_job::frappe.twofactor.delete_all_barcodes_for_users)
2025-05-13 11:00:46,985 Result is kept for 600 seconds
2025-05-13 11:00:46,993 workspaces-library_management-frappe-bench:default: frappe.utils.background_jobs.execute_job(event=None, is_async=True, job_name='frappe.core.doctype.scheduled_job_type.scheduled_job_type.run_scheduled_jo..., kwargs={'job_type': 'frappe.automation.doctype.reminder.reminder.send_reminders'}, method='frappe.core.doctype.scheduled_job_type.scheduled_job_type.run_scheduled_jo..., site='dev.localhost', user='Administrator') (dev.localhost::scheduled_job::frappe.automation.doctype.reminder.reminder.send_reminders)
2025-05-13 11:00:47,327 workspaces-library_management-frappe-bench:default: Job OK (dev.localhost::scheduled_job::frappe.automation.doctype.reminder.reminder.send_reminders)
2025-05-13 11:00:47,328 Result is kept for 600 seconds
2025-05-13 11:01:44,250 workspaces-library_management-frappe-bench:default: frappe.utils.background_jobs.execute_job(event=None, is_async=True, job_name='frappe.core.doctype.scheduled_job_type.scheduled_job_type.run_scheduled_jo..., kwargs={'job_type': 'frappe.email.doctype.email_account.email_account.pull'}, method='frappe.core.doctype.scheduled_job_type.scheduled_job_type.run_scheduled_jo..., site='dev.localhost', user='Administrator') (dev.localhost::scheduled_job::frappe.email.doctype.email_account.email_account.pull)
2025-05-13 11:01:44,588 workspaces-library_management-frappe-bench:default: Job OK (dev.localhost::scheduled_job::frappe.email.doctype.email_account.email_account.pull)
2025-05-13 11:01:44,588 Result is kept for 600 seconds
2025-05-13 11:02:44,272 workspaces-library_management-frappe-bench:default: frappe.utils.background_jobs.execute_job(event=None, is_async=True, job_name='frappe.core.doctype.scheduled_job_type.scheduled_job_type.run_scheduled_jo..., kwargs={'job_type': 'frappe.integrations.doctype.google_calendar.google_calendar.s..., method='frappe.core.doctype.scheduled_job_type.scheduled_job_type.run_scheduled_jo..., site='dev.localhost', user='Administrator') (dev.localhost::scheduled_job::frappe.integrations.doctype.google_calendar.google_calendar.sync)
2025-05-13 11:02:44,738 workspaces-library_management-frappe-bench:default: Job OK (dev.localhost::scheduled_job::frappe.integrations.doctype.google_calendar.google_calendar.sync)
2025-05-13 11:02:44,738 Result is kept for 600 seconds
2025-05-13 11:02:44,746 workspaces-library_management-frappe-bench:default: frappe.utils.background_jobs.execute_job(event=None, is_async=True, job_name='frappe.core.doctype.scheduled_job_type.scheduled_job_type.run_scheduled_jo..., kwargs={'job_type': 'frappe.monitor.flush'}, method='frappe.core.doctype.scheduled_job_type.scheduled_job_type.run_scheduled_jo..., site='dev.localhost', user='Administrator') (dev.localhost::scheduled_job::frappe.monitor.flush)
2025-05-13 11:02:45,064 workspaces-library_management-frappe-bench:default: Job OK (dev.localhost::scheduled_job::frappe.monitor.flush)
2025-05-13 11:02:45,065 Result is kept for 600 seconds
2025-05-13 11:02:45,074 workspaces-library_management-frappe-bench:default: frappe.utils.background_jobs.execute_job(event=None, is_async=True, job_name='frappe.core.doctype.scheduled_job_type.scheduled_job_type.run_scheduled_jo..., kwargs={'job_type': 'frappe.email.queue.flush'}, method='frappe.core.doctype.scheduled_job_type.scheduled_job_type.run_scheduled_jo..., site='dev.localhost', user='Administrator') (dev.localhost::scheduled_job::frappe.email.queue.flush)
2025-05-13 11:02:45,533 workspaces-library_management-frappe-bench:default: Job OK (dev.localhost::scheduled_job::frappe.email.queue.flush)
2025-05-13 11:02:45,533 Result is kept for 600 seconds
2025-05-13 11:06:44,430 workspaces-library_management-frappe-bench:default: frappe.utils.background_jobs.execute_job(event=None, is_async=True, job_name='frappe.core.doctype.scheduled_job_type.scheduled_job_type.run_scheduled_jo..., kwargs={'job_type': 'frappe.integrations.doctype.google_calendar.google_calendar.s..., method='frappe.core.doctype.scheduled_job_type.scheduled_job_type.run_scheduled_jo..., site='dev.localhost', user='Administrator') (dev.localhost::scheduled_job::frappe.integrations.doctype.google_calendar.google_calendar.sync)
2025-05-13 11:06:44,933 workspaces-library_management-frappe-bench:default: Job OK (dev.localhost::scheduled_job::frappe.integrations.doctype.google_calendar.google_calendar.sync)
2025-05-13 11:06:44,933 Result is kept for 600 seconds
2025-05-13 11:06:44,940 workspaces-library_management-frappe-bench:default: frappe.utils.background_jobs.execute_job(event=None, is_async=True, job_name='frappe.core.doctype.scheduled_job_type.scheduled_job_type.run_scheduled_jo..., kwargs={'job_type': 'frappe.monitor.flush'}, method='frappe.core.doctype.scheduled_job_type.scheduled_job_type.run_scheduled_jo..., site='dev.localhost', user='Administrator') (dev.localhost::scheduled_job::frappe.monitor.flush)
2025-05-13 11:06:45,269 workspaces-library_management-frappe-bench:default: Job OK (dev.localhost::scheduled_job::frappe.monitor.flush)
2025-05-13 11:06:45,269 Result is kept for 600 seconds
2025-05-13 11:06:45,276 workspaces-library_management-frappe-bench:default: frappe.utils.background_jobs.execute_job(event=None, is_async=True, job_name='frappe.core.doctype.scheduled_job_type.scheduled_job_type.run_scheduled_jo..., kwargs={'job_type': 'frappe.email.queue.flush'}, method='frappe.core.doctype.scheduled_job_type.scheduled_job_type.run_scheduled_jo..., site='dev.localhost', user='Administrator') (dev.localhost::scheduled_job::frappe.email.queue.flush)
2025-05-13 11:06:45,729 workspaces-library_management-frappe-bench:default: Job OK (dev.localhost::scheduled_job::frappe.email.queue.flush)
2025-05-13 11:06:45,729 Result is kept for 600 seconds
2025-05-13 11:10:44,572 workspaces-library_management-frappe-bench:default: frappe.utils.background_jobs.execute_job(event=None, is_async=True, job_name='frappe.core.doctype.scheduled_job_type.scheduled_job_type.run_scheduled_jo..., kwargs={'job_type': 'frappe.monitor.flush'}, method='frappe.core.doctype.scheduled_job_type.scheduled_job_type.run_scheduled_jo..., site='dev.localhost', user='Administrator') (dev.localhost::scheduled_job::frappe.monitor.flush)
2025-05-13 11:10:44,940 workspaces-library_management-frappe-bench:default: Job OK (dev.localhost::scheduled_job::frappe.monitor.flush)
2025-05-13 11:10:44,940 Result is kept for 600 seconds
2025-05-13 11:10:44,947 workspaces-library_management-frappe-bench:default: frappe.utils.background_jobs.execute_job(event=None, is_async=True, job_name='frappe.core.doctype.scheduled_job_type.scheduled_job_type.run_scheduled_jo..., kwargs={'job_type': 'frappe.email.doctype.email_account.email_account.pull'}, method='frappe.core.doctype.scheduled_job_type.scheduled_job_type.run_scheduled_jo..., site='dev.localhost', user='Administrator') (dev.localhost::scheduled_job::frappe.email.doctype.email_account.email_account.pull)
2025-05-13 11:10:45,296 workspaces-library_management-frappe-bench:default: Job OK (dev.localhost::scheduled_job::frappe.email.doctype.email_account.email_account.pull)
2025-05-13 11:10:45,296 Result is kept for 600 seconds
2025-05-13 11:10:45,303 workspaces-library_management-frappe-bench:default: frappe.utils.background_jobs.execute_job(event=None, is_async=True, job_name='frappe.core.doctype.scheduled_job_type.scheduled_job_type.run_scheduled_jo..., kwargs={'job_type': 'frappe.email.queue.flush'}, method='frappe.core.doctype.scheduled_job_type.scheduled_job_type.run_scheduled_jo..., site='dev.localhost', user='Administrator') (dev.localhost::scheduled_job::frappe.email.queue.flush)
2025-05-13 11:10:45,826 workspaces-library_management-frappe-bench:default: Job OK (dev.localhost::scheduled_job::frappe.email.queue.flush)
2025-05-13 11:10:45,826 Result is kept for 600 seconds
2025-05-13 11:10:45,834 workspaces-library_management-frappe-bench:default: frappe.utils.background_jobs.execute_job(event=None, is_async=True, job_name='frappe.core.doctype.scheduled_job_type.scheduled_job_type.run_scheduled_jo..., kwargs={'job_type': 'frappe.integrations.doctype.google_calendar.google_calendar.s..., method='frappe.core.doctype.scheduled_job_type.scheduled_job_type.run_scheduled_jo..., site='dev.localhost', user='Administrator') (dev.localhost::scheduled_job::frappe.integrations.doctype.google_calendar.google_calendar.sync)
2025-05-13 11:10:46,329 workspaces-library_management-frappe-bench:default: Job OK (dev.localhost::scheduled_job::frappe.integrations.doctype.google_calendar.google_calendar.sync)
2025-05-13 11:10:46,329 Result is kept for 600 seconds
2025-05-13 11:14:44,744 workspaces-library_management-frappe-bench:default: frappe.utils.background_jobs.execute_job(event=None, is_async=True, job_name='frappe.core.doctype.scheduled_job_type.scheduled_job_type.run_scheduled_jo..., kwargs={'job_type': 'frappe.email.queue.flush'}, method='frappe.core.doctype.scheduled_job_type.scheduled_job_type.run_scheduled_jo..., site='dev.localhost', user='Administrator') (dev.localhost::scheduled_job::frappe.email.queue.flush)
2025-05-13 11:14:45,174 workspaces-library_management-frappe-bench:default: Job OK (dev.localhost::scheduled_job::frappe.email.queue.flush)
2025-05-13 11:14:45,174 Result is kept for 600 seconds
2025-05-13 11:14:45,185 workspaces-library_management-frappe-bench:default: frappe.utils.background_jobs.execute_job(event=None, is_async=True, job_name='frappe.core.doctype.scheduled_job_type.scheduled_job_type.run_scheduled_jo..., kwargs={'job_type': 'frappe.monitor.flush'}, method='frappe.core.doctype.scheduled_job_type.scheduled_job_type.run_scheduled_jo..., site='dev.localhost', user='Administrator') (dev.localhost::scheduled_job::frappe.monitor.flush)
2025-05-13 11:14:45,506 workspaces-library_management-frappe-bench:default: Job OK (dev.localhost::scheduled_job::frappe.monitor.flush)
2025-05-13 11:14:45,506 Result is kept for 600 seconds
2025-05-13 11:14:45,513 workspaces-library_management-frappe-bench:default: frappe.utils.background_jobs.execute_job(event=None, is_async=True, job_name='frappe.core.doctype.scheduled_job_type.scheduled_job_type.run_scheduled_jo..., kwargs={'job_type': 'frappe.integrations.doctype.google_calendar.google_calendar.s..., method='frappe.core.doctype.scheduled_job_type.scheduled_job_type.run_scheduled_jo..., site='dev.localhost', user='Administrator') (dev.localhost::scheduled_job::frappe.integrations.doctype.google_calendar.google_calendar.sync)
2025-05-13 11:14:45,989 workspaces-library_management-frappe-bench:default: Job OK (dev.localhost::scheduled_job::frappe.integrations.doctype.google_calendar.google_calendar.sync)
2025-05-13 11:14:45,989 Result is kept for 600 seconds
2025-05-13 11:15:44,794 workspaces-library_management-frappe-bench:default: frappe.utils.background_jobs.execute_job(event=None, is_async=True, job_name='frappe.core.doctype.scheduled_job_type.scheduled_job_type.run_scheduled_jo..., kwargs={'job_type': 'frappe.website.doctype.web_page.web_page.check_publish_status..., method='frappe.core.doctype.scheduled_job_type.scheduled_job_type.run_scheduled_jo..., site='dev.localhost', user='Administrator') (dev.localhost::scheduled_job::frappe.website.doctype.web_page.web_page.check_publish_status)
2025-05-13 11:15:45,220 workspaces-library_management-frappe-bench:default: Job OK (dev.localhost::scheduled_job::frappe.website.doctype.web_page.web_page.check_publish_status)
2025-05-13 11:15:45,220 Result is kept for 600 seconds
2025-05-13 11:15:45,235 workspaces-library_management-frappe-bench:default: frappe.utils.background_jobs.execute_job(event=None, is_async=True, job_name='frappe.core.doctype.scheduled_job_type.scheduled_job_type.run_scheduled_jo..., kwargs={'job_type': 'frappe.deferred_insert.save_to_db'}, method='frappe.core.doctype.scheduled_job_type.scheduled_job_type.run_scheduled_jo..., site='dev.localhost', user='Administrator') (dev.localhost::scheduled_job::frappe.deferred_insert.save_to_db)
2025-05-13 11:15:45,572 workspaces-library_management-frappe-bench:default: Job OK (dev.localhost::scheduled_job::frappe.deferred_insert.save_to_db)
2025-05-13 11:15:45,572 Result is kept for 600 seconds
2025-05-13 11:15:45,578 workspaces-library_management-frappe-bench:default: frappe.utils.background_jobs.execute_job(event=None, is_async=True, job_name='frappe.core.doctype.scheduled_job_type.scheduled_job_type.run_scheduled_jo..., kwargs={'job_type': 'frappe.utils.global_search.sync_global_search'}, method='frappe.core.doctype.scheduled_job_type.scheduled_job_type.run_scheduled_jo..., site='dev.localhost', user='Administrator') (dev.localhost::scheduled_job::frappe.utils.global_search.sync_global_search)
2025-05-13 11:15:45,950 workspaces-library_management-frappe-bench:default: Job OK (dev.localhost::scheduled_job::frappe.utils.global_search.sync_global_search)
2025-05-13 11:15:45,950 Result is kept for 600 seconds
2025-05-13 11:15:45,956 workspaces-library_management-frappe-bench:default: frappe.utils.background_jobs.execute_job(event=None, is_async=True, job_name='frappe.core.doctype.scheduled_job_type.scheduled_job_type.run_scheduled_jo..., kwargs={'job_type': 'frappe.automation.doctype.reminder.reminder.send_reminders'}, method='frappe.core.doctype.scheduled_job_type.scheduled_job_type.run_scheduled_jo..., site='dev.localhost', user='Administrator') (dev.localhost::scheduled_job::frappe.automation.doctype.reminder.reminder.send_reminders)
2025-05-13 11:15:46,353 workspaces-library_management-frappe-bench:default: Job OK (dev.localhost::scheduled_job::frappe.automation.doctype.reminder.reminder.send_reminders)
2025-05-13 11:15:46,353 Result is kept for 600 seconds
2025-05-13 11:15:46,360 workspaces-library_management-frappe-bench:default: frappe.utils.background_jobs.execute_job(event=None, is_async=True, job_name='frappe.core.doctype.scheduled_job_type.scheduled_job_type.run_scheduled_jo..., kwargs={'job_type': 'frappe.email.doctype.email_account.email_account.notify_unrep..., method='frappe.core.doctype.scheduled_job_type.scheduled_job_type.run_scheduled_jo..., site='dev.localhost', user='Administrator') (dev.localhost::scheduled_job::frappe.email.doctype.email_account.email_account.notify_unreplied)
2025-05-13 11:15:46,750 workspaces-library_management-frappe-bench:default: Job OK (dev.localhost::scheduled_job::frappe.email.doctype.email_account.email_account.notify_unreplied)
2025-05-13 11:15:46,750 Result is kept for 600 seconds
2025-05-13 11:15:46,757 workspaces-library_management-frappe-bench:default: frappe.utils.background_jobs.execute_job(event=None, is_async=True, job_name='frappe.core.doctype.scheduled_job_type.scheduled_job_type.run_scheduled_jo..., kwargs={'job_type': 'frappe.twofactor.delete_all_barcodes_for_users'}, method='frappe.core.doctype.scheduled_job_type.scheduled_job_type.run_scheduled_jo..., site='dev.localhost', user='Administrator') (dev.localhost::scheduled_job::frappe.twofactor.delete_all_barcodes_for_users)
2025-05-13 11:15:47,117 workspaces-library_management-frappe-bench:default: Job OK (dev.localhost::scheduled_job::frappe.twofactor.delete_all_barcodes_for_users)
2025-05-13 11:15:47,117 Result is kept for 600 seconds
2025-05-13 11:15:47,124 workspaces-library_management-frappe-bench:default: frappe.utils.background_jobs.execute_job(event=None, is_async=True, job_name='frappe.core.doctype.scheduled_job_type.scheduled_job_type.run_scheduled_jo..., kwargs={'job_type': 'frappe.oauth.delete_oauth2_data'}, method='frappe.core.doctype.scheduled_job_type.scheduled_job_type.run_scheduled_jo..., site='dev.localhost', user='Administrator') (dev.localhost::scheduled_job::frappe.oauth.delete_oauth2_data)
2025-05-13 11:15:47,524 workspaces-library_management-frappe-bench:default: Job OK (dev.localhost::scheduled_job::frappe.oauth.delete_oauth2_data)
2025-05-13 11:15:47,524 Result is kept for 600 seconds
2025-05-13 11:18:44,929 workspaces-library_management-frappe-bench:default: frappe.utils.background_jobs.execute_job(event=None, is_async=True, job_name='frappe.core.doctype.scheduled_job_type.scheduled_job_type.run_scheduled_jo..., kwargs={'job_type': 'frappe.integrations.doctype.google_calendar.google_calendar.s..., method='frappe.core.doctype.scheduled_job_type.scheduled_job_type.run_scheduled_jo..., site='dev.localhost', user='Administrator') (dev.localhost::scheduled_job::frappe.integrations.doctype.google_calendar.google_calendar.sync)
2025-05-13 11:18:45,493 workspaces-library_management-frappe-bench:default: Job OK (dev.localhost::scheduled_job::frappe.integrations.doctype.google_calendar.google_calendar.sync)
2025-05-13 11:18:45,493 Result is kept for 600 seconds
2025-05-13 11:18:45,500 workspaces-library_management-frappe-bench:default: frappe.utils.background_jobs.execute_job(event=None, is_async=True, job_name='frappe.core.doctype.scheduled_job_type.scheduled_job_type.run_scheduled_jo..., kwargs={'job_type': 'frappe.email.queue.flush'}, method='frappe.core.doctype.scheduled_job_type.scheduled_job_type.run_scheduled_jo..., site='dev.localhost', user='Administrator') (dev.localhost::scheduled_job::frappe.email.queue.flush)
2025-05-13 11:18:45,893 workspaces-library_management-frappe-bench:default: Job OK (dev.localhost::scheduled_job::frappe.email.queue.flush)
2025-05-13 11:18:45,893 Result is kept for 600 seconds
2025-05-13 11:18:45,900 workspaces-library_management-frappe-bench:default: frappe.utils.background_jobs.execute_job(event=None, is_async=True, job_name='frappe.core.doctype.scheduled_job_type.scheduled_job_type.run_scheduled_jo..., kwargs={'job_type': 'frappe.monitor.flush'}, method='frappe.core.doctype.scheduled_job_type.scheduled_job_type.run_scheduled_jo..., site='dev.localhost', user='Administrator') (dev.localhost::scheduled_job::frappe.monitor.flush)
2025-05-13 11:18:46,243 workspaces-library_management-frappe-bench:default: Job OK (dev.localhost::scheduled_job::frappe.monitor.flush)
2025-05-13 11:18:46,243 Result is kept for 600 seconds
2025-05-13 11:20:45,080 workspaces-library_management-frappe-bench:default: frappe.utils.background_jobs.execute_job(event=None, is_async=True, job_name='frappe.core.doctype.scheduled_job_type.scheduled_job_type.run_scheduled_jo..., kwargs={'job_type': 'frappe.email.doctype.email_account.email_account.pull'}, method='frappe.core.doctype.scheduled_job_type.scheduled_job_type.run_scheduled_jo..., site='dev.localhost', user='Administrator') (dev.localhost::scheduled_job::frappe.email.doctype.email_account.email_account.pull)
2025-05-13 11:20:45,556 workspaces-library_management-frappe-bench:default: Job OK (dev.localhost::scheduled_job::frappe.email.doctype.email_account.email_account.pull)
2025-05-13 11:20:45,556 Result is kept for 600 seconds
2025-05-13 11:20:45,562 Cleaning registries for queue: workspaces-library_management-frappe-bench:short
2025-05-13 11:20:45,563 Cleaning registries for queue: workspaces-library_management-frappe-bench:default
2025-05-13 11:20:45,564 Cleaning registries for queue: workspaces-library_management-frappe-bench:long
2025-05-13 11:22:45,162 workspaces-library_management-frappe-bench:default: frappe.utils.background_jobs.execute_job(event=None, is_async=True, job_name='frappe.core.doctype.scheduled_job_type.scheduled_job_type.run_scheduled_jo..., kwargs={'job_type': 'frappe.integrations.doctype.google_calendar.google_calendar.s..., method='frappe.core.doctype.scheduled_job_type.scheduled_job_type.run_scheduled_jo..., site='dev.localhost', user='Administrator') (dev.localhost::scheduled_job::frappe.integrations.doctype.google_calendar.google_calendar.sync)
2025-05-13 11:22:45,649 workspaces-library_management-frappe-bench:default: Job OK (dev.localhost::scheduled_job::frappe.integrations.doctype.google_calendar.google_calendar.sync)
2025-05-13 11:22:45,649 Result is kept for 600 seconds
2025-05-13 11:22:45,656 workspaces-library_management-frappe-bench:default: frappe.utils.background_jobs.execute_job(event=None, is_async=True, job_name='frappe.core.doctype.scheduled_job_type.scheduled_job_type.run_scheduled_jo..., kwargs={'job_type': 'frappe.monitor.flush'}, method='frappe.core.doctype.scheduled_job_type.scheduled_job_type.run_scheduled_jo..., site='dev.localhost', user='Administrator') (dev.localhost::scheduled_job::frappe.monitor.flush)
2025-05-13 11:22:45,976 workspaces-library_management-frappe-bench:default: Job OK (dev.localhost::scheduled_job::frappe.monitor.flush)
2025-05-13 11:22:45,976 Result is kept for 600 seconds
2025-05-13 11:22:45,982 workspaces-library_management-frappe-bench:default: frappe.utils.background_jobs.execute_job(event=None, is_async=True, job_name='frappe.core.doctype.scheduled_job_type.scheduled_job_type.run_scheduled_jo..., kwargs={'job_type': 'frappe.email.queue.flush'}, method='frappe.core.doctype.scheduled_job_type.scheduled_job_type.run_scheduled_jo..., site='dev.localhost', user='Administrator') (dev.localhost::scheduled_job::frappe.email.queue.flush)
2025-05-13 11:22:46,392 workspaces-library_management-frappe-bench:default: Job OK (dev.localhost::scheduled_job::frappe.email.queue.flush)
2025-05-13 11:22:46,392 Result is kept for 600 seconds
2025-05-13 11:26:45,308 workspaces-library_management-frappe-bench:default: frappe.utils.background_jobs.execute_job(event=None, is_async=True, job_name='frappe.core.doctype.scheduled_job_type.scheduled_job_type.run_scheduled_jo..., kwargs={'job_type': 'frappe.monitor.flush'}, method='frappe.core.doctype.scheduled_job_type.scheduled_job_type.run_scheduled_jo..., site='dev.localhost', user='Administrator') (dev.localhost::scheduled_job::frappe.monitor.flush)
2025-05-13 11:26:45,704 workspaces-library_management-frappe-bench:default: Job OK (dev.localhost::scheduled_job::frappe.monitor.flush)
2025-05-13 11:26:45,704 Result is kept for 600 seconds
2025-05-13 11:26:45,710 workspaces-library_management-frappe-bench:default: frappe.utils.background_jobs.execute_job(event=None, is_async=True, job_name='frappe.core.doctype.scheduled_job_type.scheduled_job_type.run_scheduled_jo..., kwargs={'job_type': 'frappe.integrations.doctype.google_calendar.google_calendar.s..., method='frappe.core.doctype.scheduled_job_type.scheduled_job_type.run_scheduled_jo..., site='dev.localhost', user='Administrator') (dev.localhost::scheduled_job::frappe.integrations.doctype.google_calendar.google_calendar.sync)
2025-05-13 11:26:46,179 workspaces-library_management-frappe-bench:default: Job OK (dev.localhost::scheduled_job::frappe.integrations.doctype.google_calendar.google_calendar.sync)
2025-05-13 11:26:46,179 Result is kept for 600 seconds
2025-05-13 11:26:46,187 workspaces-library_management-frappe-bench:default: frappe.utils.background_jobs.execute_job(event=None, is_async=True, job_name='frappe.core.doctype.scheduled_job_type.scheduled_job_type.run_scheduled_jo..., kwargs={'job_type': 'frappe.email.queue.flush'}, method='frappe.core.doctype.scheduled_job_type.scheduled_job_type.run_scheduled_jo..., site='dev.localhost', user='Administrator') (dev.localhost::scheduled_job::frappe.email.queue.flush)
2025-05-13 11:26:46,610 workspaces-library_management-frappe-bench:default: Job OK (dev.localhost::scheduled_job::frappe.email.queue.flush)
2025-05-13 11:26:46,610 Result is kept for 600 seconds
2025-05-13 11:30:45,477 workspaces-library_management-frappe-bench:default: frappe.utils.background_jobs.execute_job(event=None, is_async=True, job_name='frappe.core.doctype.scheduled_job_type.scheduled_job_type.run_scheduled_jo..., kwargs={'job_type': 'frappe.email.queue.flush'}, method='frappe.core.doctype.scheduled_job_type.scheduled_job_type.run_scheduled_jo..., site='dev.localhost', user='Administrator') (dev.localhost::scheduled_job::frappe.email.queue.flush)
2025-05-13 11:30:45,966 workspaces-library_management-frappe-bench:default: Job OK (dev.localhost::scheduled_job::frappe.email.queue.flush)
2025-05-13 11:30:45,966 Result is kept for 600 seconds
2025-05-13 11:30:45,979 workspaces-library_management-frappe-bench:default: frappe.utils.background_jobs.execute_job(event=None, is_async=True, job_name='frappe.core.doctype.scheduled_job_type.scheduled_job_type.run_scheduled_jo..., kwargs={'job_type': 'frappe.twofactor.delete_all_barcodes_for_users'}, method='frappe.core.doctype.scheduled_job_type.scheduled_job_type.run_scheduled_jo..., site='dev.localhost', user='Administrator') (dev.localhost::scheduled_job::frappe.twofactor.delete_all_barcodes_for_users)
2025-05-13 11:30:46,350 workspaces-library_management-frappe-bench:default: Job OK (dev.localhost::scheduled_job::frappe.twofactor.delete_all_barcodes_for_users)
2025-05-13 11:30:46,350 Result is kept for 600 seconds
2025-05-13 11:30:46,360 workspaces-library_management-frappe-bench:default: frappe.utils.background_jobs.execute_job(event=None, is_async=True, job_name='frappe.core.doctype.scheduled_job_type.scheduled_job_type.run_scheduled_jo..., kwargs={'job_type': 'frappe.website.doctype.personal_data_deletion_request.persona..., method='frappe.core.doctype.scheduled_job_type.scheduled_job_type.run_scheduled_jo..., site='dev.localhost', user='Administrator') (dev.localhost::scheduled_job::frappe.website.doctype.personal_data_deletion_request.personal_data_deletion_request.process_data_deletion_request)
2025-05-13 11:30:46,788 workspaces-library_management-frappe-bench:default: Job OK (dev.localhost::scheduled_job::frappe.website.doctype.personal_data_deletion_request.personal_data_deletion_request.process_data_deletion_request)
2025-05-13 11:30:46,788 Result is kept for 600 seconds
2025-05-13 11:30:46,799 workspaces-library_management-frappe-bench:default: frappe.utils.background_jobs.execute_job(event=None, is_async=True, job_name='frappe.core.doctype.scheduled_job_type.scheduled_job_type.run_scheduled_jo..., kwargs={'job_type': 'frappe.model.utils.user_settings.sync_user_settings'}, method='frappe.core.doctype.scheduled_job_type.scheduled_job_type.run_scheduled_jo..., site='dev.localhost', user='Administrator') (dev.localhost::scheduled_job::frappe.model.utils.user_settings.sync_user_settings)
2025-05-13 11:30:47,143 workspaces-library_management-frappe-bench:default: Job OK (dev.localhost::scheduled_job::frappe.model.utils.user_settings.sync_user_settings)
2025-05-13 11:30:47,143 Result is kept for 600 seconds
2025-05-13 11:30:47,150 workspaces-library_management-frappe-bench:default: frappe.utils.background_jobs.execute_job(event=None, is_async=True, job_name='frappe.core.doctype.scheduled_job_type.scheduled_job_type.run_scheduled_jo..., kwargs={'job_type': 'frappe.website.doctype.web_page.web_page.check_publish_status..., method='frappe.core.doctype.scheduled_job_type.scheduled_job_type.run_scheduled_jo..., site='dev.localhost', user='Administrator') (dev.localhost::scheduled_job::frappe.website.doctype.web_page.web_page.check_publish_status)
2025-05-13 11:30:47,570 workspaces-library_management-frappe-bench:default: Job OK (dev.localhost::scheduled_job::frappe.website.doctype.web_page.web_page.check_publish_status)
2025-05-13 11:30:47,571 Result is kept for 600 seconds
2025-05-13 11:30:47,581 workspaces-library_management-frappe-bench:default: frappe.utils.background_jobs.execute_job(event=None, is_async=True, job_name='frappe.core.doctype.scheduled_job_type.scheduled_job_type.run_scheduled_jo..., kwargs={'job_type': 'frappe.deferred_insert.save_to_db'}, method='frappe.core.doctype.scheduled_job_type.scheduled_job_type.run_scheduled_jo..., site='dev.localhost', user='Administrator') (dev.localhost::scheduled_job::frappe.deferred_insert.save_to_db)
2025-05-13 11:30:47,937 workspaces-library_management-frappe-bench:default: Job OK (dev.localhost::scheduled_job::frappe.deferred_insert.save_to_db)
2025-05-13 11:30:47,937 Result is kept for 600 seconds
2025-05-13 11:30:47,944 workspaces-library_management-frappe-bench:default: frappe.utils.background_jobs.execute_job(event=None, is_async=True, job_name='frappe.core.doctype.scheduled_job_type.scheduled_job_type.run_scheduled_jo..., kwargs={'job_type': 'frappe.desk.form.document_follow.send_hourly_updates'}, method='frappe.core.doctype.scheduled_job_type.scheduled_job_type.run_scheduled_jo..., site='dev.localhost', user='Administrator') (dev.localhost::scheduled_job::frappe.desk.form.document_follow.send_hourly_updates)
2025-05-13 11:30:48,272 workspaces-library_management-frappe-bench:default: Job OK (dev.localhost::scheduled_job::frappe.desk.form.document_follow.send_hourly_updates)
2025-05-13 11:30:48,272 Result is kept for 600 seconds
2025-05-13 11:30:48,279 workspaces-library_management-frappe-bench:default: frappe.utils.background_jobs.execute_job(event=None, is_async=True, job_name='frappe.core.doctype.scheduled_job_type.scheduled_job_type.run_scheduled_jo..., kwargs={'job_type': 'frappe.utils.global_search.sync_global_search'}, method='frappe.core.doctype.scheduled_job_type.scheduled_job_type.run_scheduled_jo..., site='dev.localhost', user='Administrator') (dev.localhost::scheduled_job::frappe.utils.global_search.sync_global_search)
2025-05-13 11:30:48,682 workspaces-library_management-frappe-bench:default: Job OK (dev.localhost::scheduled_job::frappe.utils.global_search.sync_global_search)
2025-05-13 11:30:48,683 Result is kept for 600 seconds
2025-05-13 11:30:48,690 workspaces-library_management-frappe-bench:default: frappe.utils.background_jobs.execute_job(event=None, is_async=True, job_name='frappe.core.doctype.scheduled_job_type.scheduled_job_type.run_scheduled_jo..., kwargs={'job_type': 'frappe.email.doctype.newsletter.newsletter.send_scheduled_ema..., method='frappe.core.doctype.scheduled_job_type.scheduled_job_type.run_scheduled_jo..., site='dev.localhost', user='Administrator') (dev.localhost::scheduled_job::frappe.email.doctype.newsletter.newsletter.send_scheduled_email)
2025-05-13 11:30:49,046 workspaces-library_management-frappe-bench:default: Job OK (dev.localhost::scheduled_job::frappe.email.doctype.newsletter.newsletter.send_scheduled_email)
2025-05-13 11:30:49,046 Result is kept for 600 seconds
2025-05-13 11:30:49,054 workspaces-library_management-frappe-bench:default: frappe.utils.background_jobs.execute_job(event=None, is_async=True, job_name='frappe.core.doctype.scheduled_job_type.scheduled_job_type.run_scheduled_jo..., kwargs={'job_type': 'frappe.oauth.delete_oauth2_data'}, method='frappe.core.doctype.scheduled_job_type.scheduled_job_type.run_scheduled_jo..., site='dev.localhost', user='Administrator') (dev.localhost::scheduled_job::frappe.oauth.delete_oauth2_data)
2025-05-13 11:30:49,400 workspaces-library_management-frappe-bench:default: Job OK (dev.localhost::scheduled_job::frappe.oauth.delete_oauth2_data)
2025-05-13 11:30:49,400 Result is kept for 600 seconds
2025-05-13 11:30:49,408 workspaces-library_management-frappe-bench:default: frappe.utils.background_jobs.execute_job(event=None, is_async=True, job_name='frappe.core.doctype.scheduled_job_type.scheduled_job_type.run_scheduled_jo..., kwargs={'job_type': 'frappe.desk.page.backups.backups.delete_downloadable_backups'..., method='frappe.core.doctype.scheduled_job_type.scheduled_job_type.run_scheduled_jo..., site='dev.localhost', user='Administrator') (dev.localhost::scheduled_job::frappe.desk.page.backups.backups.delete_downloadable_backups)
2025-05-13 11:30:49,793 workspaces-library_management-frappe-bench:default: Job OK (dev.localhost::scheduled_job::frappe.desk.page.backups.backups.delete_downloadable_backups)
2025-05-13 11:30:49,793 Result is kept for 600 seconds
2025-05-13 11:30:49,800 workspaces-library_management-frappe-bench:default: frappe.utils.background_jobs.execute_job(event=None, is_async=True, job_name='frappe.core.doctype.scheduled_job_type.scheduled_job_type.run_scheduled_jo..., kwargs={'job_type': 'frappe.model.utils.link_count.update_link_count'}, method='frappe.core.doctype.scheduled_job_type.scheduled_job_type.run_scheduled_jo..., site='dev.localhost', user='Administrator') (dev.localhost::scheduled_job::frappe.model.utils.link_count.update_link_count)
2025-05-13 11:30:50,119 workspaces-library_management-frappe-bench:default: Job OK (dev.localhost::scheduled_job::frappe.model.utils.link_count.update_link_count)
2025-05-13 11:30:50,120 Result is kept for 600 seconds
2025-05-13 11:30:50,126 workspaces-library_management-frappe-bench:default: frappe.utils.background_jobs.execute_job(event=None, is_async=True, job_name='frappe.core.doctype.scheduled_job_type.scheduled_job_type.run_scheduled_jo..., kwargs={'job_type': 'frappe.email.doctype.email_account.email_account.notify_unrep..., method='frappe.core.doctype.scheduled_job_type.scheduled_job_type.run_scheduled_jo..., site='dev.localhost', user='Administrator') (dev.localhost::scheduled_job::frappe.email.doctype.email_account.email_account.notify_unreplied)
2025-05-13 11:30:50,451 workspaces-library_management-frappe-bench:default: Job OK (dev.localhost::scheduled_job::frappe.email.doctype.email_account.email_account.notify_unreplied)
2025-05-13 11:30:50,451 Result is kept for 600 seconds
2025-05-13 11:30:50,458 workspaces-library_management-frappe-bench:default: frappe.utils.background_jobs.execute_job(event=None, is_async=True, job_name='frappe.core.doctype.scheduled_job_type.scheduled_job_type.run_scheduled_jo..., kwargs={'job_type': 'frappe.monitor.flush'}, method='frappe.core.doctype.scheduled_job_type.scheduled_job_type.run_scheduled_jo..., site='dev.localhost', user='Administrator') (dev.localhost::scheduled_job::frappe.monitor.flush)
2025-05-13 11:30:50,789 workspaces-library_management-frappe-bench:default: Job OK (dev.localhost::scheduled_job::frappe.monitor.flush)
2025-05-13 11:30:50,790 Result is kept for 600 seconds
2025-05-13 11:30:50,797 workspaces-library_management-frappe-bench:default: frappe.utils.background_jobs.execute_job(event=None, is_async=True, job_name='frappe.core.doctype.scheduled_job_type.scheduled_job_type.run_scheduled_jo..., kwargs={'job_type': 'frappe.automation.doctype.reminder.reminder.send_reminders'}, method='frappe.core.doctype.scheduled_job_type.scheduled_job_type.run_scheduled_jo..., site='dev.localhost', user='Administrator') (dev.localhost::scheduled_job::frappe.automation.doctype.reminder.reminder.send_reminders)
2025-05-13 11:30:51,123 workspaces-library_management-frappe-bench:default: Job OK (dev.localhost::scheduled_job::frappe.automation.doctype.reminder.reminder.send_reminders)
2025-05-13 11:30:51,123 Result is kept for 600 seconds
2025-05-13 11:30:51,131 workspaces-library_management-frappe-bench:default: frappe.utils.background_jobs.execute_job(event=None, is_async=True, job_name='frappe.core.doctype.scheduled_job_type.scheduled_job_type.run_scheduled_jo..., kwargs={'job_type': 'frappe.integrations.doctype.google_calendar.google_calendar.s..., method='frappe.core.doctype.scheduled_job_type.scheduled_job_type.run_scheduled_jo..., site='dev.localhost', user='Administrator') (dev.localhost::scheduled_job::frappe.integrations.doctype.google_calendar.google_calendar.sync)
2025-05-13 11:30:51,701 workspaces-library_management-frappe-bench:default: Job OK (dev.localhost::scheduled_job::frappe.integrations.doctype.google_calendar.google_calendar.sync)
2025-05-13 11:30:51,702 Result is kept for 600 seconds
2025-05-13 11:30:51,710 workspaces-library_management-frappe-bench:default: frappe.utils.background_jobs.execute_job(event=None, is_async=True, job_name='frappe.core.doctype.scheduled_job_type.scheduled_job_type.run_scheduled_jo..., kwargs={'job_type': 'frappe.email.doctype.email_account.email_account.pull'}, method='frappe.core.doctype.scheduled_job_type.scheduled_job_type.run_scheduled_jo..., site='dev.localhost', user='Administrator') (dev.localhost::scheduled_job::frappe.email.doctype.email_account.email_account.pull)
2025-05-13 11:30:52,117 workspaces-library_management-frappe-bench:default: Job OK (dev.localhost::scheduled_job::frappe.email.doctype.email_account.email_account.pull)
2025-05-13 11:30:52,117 Result is kept for 600 seconds
2025-05-13 11:34:45,764 workspaces-library_management-frappe-bench:default: frappe.utils.background_jobs.execute_job(event=None, is_async=True, job_name='frappe.core.doctype.scheduled_job_type.scheduled_job_type.run_scheduled_jo..., kwargs={'job_type': 'frappe.monitor.flush'}, method='frappe.core.doctype.scheduled_job_type.scheduled_job_type.run_scheduled_jo..., site='dev.localhost', user='Administrator') (dev.localhost::scheduled_job::frappe.monitor.flush)
2025-05-13 11:34:46,139 workspaces-library_management-frappe-bench:default: Job OK (dev.localhost::scheduled_job::frappe.monitor.flush)
2025-05-13 11:34:46,139 Result is kept for 600 seconds
2025-05-13 11:34:46,146 workspaces-library_management-frappe-bench:default: frappe.utils.background_jobs.execute_job(event=None, is_async=True, job_name='frappe.core.doctype.scheduled_job_type.scheduled_job_type.run_scheduled_jo..., kwargs={'job_type': 'frappe.integrations.doctype.google_calendar.google_calendar.s..., method='frappe.core.doctype.scheduled_job_type.scheduled_job_type.run_scheduled_jo..., site='dev.localhost', user='Administrator') (dev.localhost::scheduled_job::frappe.integrations.doctype.google_calendar.google_calendar.sync)
2025-05-13 11:34:46,631 workspaces-library_management-frappe-bench:default: Job OK (dev.localhost::scheduled_job::frappe.integrations.doctype.google_calendar.google_calendar.sync)
2025-05-13 11:34:46,631 Result is kept for 600 seconds
2025-05-13 11:34:46,639 workspaces-library_management-frappe-bench:default: frappe.utils.background_jobs.execute_job(event=None, is_async=True, job_name='frappe.core.doctype.scheduled_job_type.scheduled_job_type.run_scheduled_jo..., kwargs={'job_type': 'frappe.email.queue.flush'}, method='frappe.core.doctype.scheduled_job_type.scheduled_job_type.run_scheduled_jo..., site='dev.localhost', user='Administrator') (dev.localhost::scheduled_job::frappe.email.queue.flush)
2025-05-13 11:34:47,068 workspaces-library_management-frappe-bench:default: Job OK (dev.localhost::scheduled_job::frappe.email.queue.flush)
2025-05-13 11:34:47,068 Result is kept for 600 seconds
2025-05-13 11:38:45,888 workspaces-library_management-frappe-bench:default: frappe.utils.background_jobs.execute_job(event=None, is_async=True, job_name='frappe.core.doctype.scheduled_job_type.scheduled_job_type.run_scheduled_jo..., kwargs={'job_type': 'frappe.monitor.flush'}, method='frappe.core.doctype.scheduled_job_type.scheduled_job_type.run_scheduled_jo..., site='dev.localhost', user='Administrator') (dev.localhost::scheduled_job::frappe.monitor.flush)
2025-05-13 11:38:46,256 workspaces-library_management-frappe-bench:default: Job OK (dev.localhost::scheduled_job::frappe.monitor.flush)
2025-05-13 11:38:46,256 Result is kept for 600 seconds
2025-05-13 11:38:46,263 workspaces-library_management-frappe-bench:default: frappe.utils.background_jobs.execute_job(event=None, is_async=True, job_name='frappe.core.doctype.scheduled_job_type.scheduled_job_type.run_scheduled_jo..., kwargs={'job_type': 'frappe.email.queue.flush'}, method='frappe.core.doctype.scheduled_job_type.scheduled_job_type.run_scheduled_jo..., site='dev.localhost', user='Administrator') (dev.localhost::scheduled_job::frappe.email.queue.flush)
2025-05-13 11:38:46,649 workspaces-library_management-frappe-bench:default: Job OK (dev.localhost::scheduled_job::frappe.email.queue.flush)
2025-05-13 11:38:46,649 Result is kept for 600 seconds
2025-05-13 11:38:46,657 workspaces-library_management-frappe-bench:default: frappe.utils.background_jobs.execute_job(event=None, is_async=True, job_name='frappe.core.doctype.scheduled_job_type.scheduled_job_type.run_scheduled_jo..., kwargs={'job_type': 'frappe.integrations.doctype.google_calendar.google_calendar.s..., method='frappe.core.doctype.scheduled_job_type.scheduled_job_type.run_scheduled_jo..., site='dev.localhost', user='Administrator') (dev.localhost::scheduled_job::frappe.integrations.doctype.google_calendar.google_calendar.sync)
2025-05-13 11:38:47,149 workspaces-library_management-frappe-bench:default: Job OK (dev.localhost::scheduled_job::frappe.integrations.doctype.google_calendar.google_calendar.sync)
2025-05-13 11:38:47,149 Result is kept for 600 seconds
2025-05-13 11:40:45,995 workspaces-library_management-frappe-bench:default: frappe.utils.background_jobs.execute_job(event=None, is_async=True, job_name='frappe.core.doctype.scheduled_job_type.scheduled_job_type.run_scheduled_jo..., kwargs={'job_type': 'frappe.email.doctype.email_account.email_account.pull'}, method='frappe.core.doctype.scheduled_job_type.scheduled_job_type.run_scheduled_jo..., site='dev.localhost', user='Administrator') (dev.localhost::scheduled_job::frappe.email.doctype.email_account.email_account.pull)
2025-05-13 11:40:46,358 workspaces-library_management-frappe-bench:default: Job OK (dev.localhost::scheduled_job::frappe.email.doctype.email_account.email_account.pull)
2025-05-13 11:40:46,358 Result is kept for 600 seconds
2025-05-13 11:40:46,365 Cleaning registries for queue: workspaces-library_management-frappe-bench:short
2025-05-13 11:40:46,367 Cleaning registries for queue: workspaces-library_management-frappe-bench:default
2025-05-13 11:40:46,368 Cleaning registries for queue: workspaces-library_management-frappe-bench:long
2025-05-13 11:42:46,059 workspaces-library_management-frappe-bench:default: frappe.utils.background_jobs.execute_job(event=None, is_async=True, job_name='frappe.core.doctype.scheduled_job_type.scheduled_job_type.run_scheduled_jo..., kwargs={'job_type': 'frappe.email.queue.flush'}, method='frappe.core.doctype.scheduled_job_type.scheduled_job_type.run_scheduled_jo..., site='dev.localhost', user='Administrator') (dev.localhost::scheduled_job::frappe.email.queue.flush)
2025-05-13 11:42:46,502 workspaces-library_management-frappe-bench:default: Job OK (dev.localhost::scheduled_job::frappe.email.queue.flush)
2025-05-13 11:42:46,502 Result is kept for 600 seconds
2025-05-13 11:42:46,512 workspaces-library_management-frappe-bench:default: frappe.utils.background_jobs.execute_job(event=None, is_async=True, job_name='frappe.core.doctype.scheduled_job_type.scheduled_job_type.run_scheduled_jo..., kwargs={'job_type': 'frappe.integrations.doctype.google_calendar.google_calendar.s..., method='frappe.core.doctype.scheduled_job_type.scheduled_job_type.run_scheduled_jo..., site='dev.localhost', user='Administrator') (dev.localhost::scheduled_job::frappe.integrations.doctype.google_calendar.google_calendar.sync)
2025-05-13 11:42:47,219 workspaces-library_management-frappe-bench:default: Job OK (dev.localhost::scheduled_job::frappe.integrations.doctype.google_calendar.google_calendar.sync)
2025-05-13 11:42:47,219 Result is kept for 600 seconds
2025-05-13 11:42:47,232 workspaces-library_management-frappe-bench:default: frappe.utils.background_jobs.execute_job(event=None, is_async=True, job_name='frappe.core.doctype.scheduled_job_type.scheduled_job_type.run_scheduled_jo..., kwargs={'job_type': 'frappe.monitor.flush'}, method='frappe.core.doctype.scheduled_job_type.scheduled_job_type.run_scheduled_jo..., site='dev.localhost', user='Administrator') (dev.localhost::scheduled_job::frappe.monitor.flush)
2025-05-13 11:42:47,586 workspaces-library_management-frappe-bench:default: Job OK (dev.localhost::scheduled_job::frappe.monitor.flush)
2025-05-13 11:42:47,586 Result is kept for 600 seconds
2025-05-13 11:45:46,175 workspaces-library_management-frappe-bench:default: frappe.utils.background_jobs.execute_job(event=None, is_async=True, job_name='frappe.core.doctype.scheduled_job_type.scheduled_job_type.run_scheduled_jo..., kwargs={'job_type': 'frappe.twofactor.delete_all_barcodes_for_users'}, method='frappe.core.doctype.scheduled_job_type.scheduled_job_type.run_scheduled_jo..., site='dev.localhost', user='Administrator') (dev.localhost::scheduled_job::frappe.twofactor.delete_all_barcodes_for_users)
2025-05-13 11:45:46,529 workspaces-library_management-frappe-bench:default: Job OK (dev.localhost::scheduled_job::frappe.twofactor.delete_all_barcodes_for_users)
2025-05-13 11:45:46,529 Result is kept for 600 seconds
2025-05-13 11:45:46,536 workspaces-library_management-frappe-bench:default: frappe.utils.background_jobs.execute_job(event=None, is_async=True, job_name='frappe.core.doctype.scheduled_job_type.scheduled_job_type.run_scheduled_jo..., kwargs={'job_type': 'frappe.website.doctype.web_page.web_page.check_publish_status..., method='frappe.core.doctype.scheduled_job_type.scheduled_job_type.run_scheduled_jo..., site='dev.localhost', user='Administrator') (dev.localhost::scheduled_job::frappe.website.doctype.web_page.web_page.check_publish_status)
2025-05-13 11:45:46,934 workspaces-library_management-frappe-bench:default: Job OK (dev.localhost::scheduled_job::frappe.website.doctype.web_page.web_page.check_publish_status)
2025-05-13 11:45:46,934 Result is kept for 600 seconds
2025-05-13 11:45:46,941 workspaces-library_management-frappe-bench:default: frappe.utils.background_jobs.execute_job(event=None, is_async=True, job_name='frappe.core.doctype.scheduled_job_type.scheduled_job_type.run_scheduled_jo..., kwargs={'job_type': 'frappe.automation.doctype.reminder.reminder.send_reminders'}, method='frappe.core.doctype.scheduled_job_type.scheduled_job_type.run_scheduled_jo..., site='dev.localhost', user='Administrator') (dev.localhost::scheduled_job::frappe.automation.doctype.reminder.reminder.send_reminders)
2025-05-13 11:45:47,330 workspaces-library_management-frappe-bench:default: Job OK (dev.localhost::scheduled_job::frappe.automation.doctype.reminder.reminder.send_reminders)
2025-05-13 11:45:47,330 Result is kept for 600 seconds
2025-05-13 11:45:47,337 workspaces-library_management-frappe-bench:default: frappe.utils.background_jobs.execute_job(event=None, is_async=True, job_name='frappe.core.doctype.scheduled_job_type.scheduled_job_type.run_scheduled_jo..., kwargs={'job_type': 'frappe.utils.global_search.sync_global_search'}, method='frappe.core.doctype.scheduled_job_type.scheduled_job_type.run_scheduled_jo..., site='dev.localhost', user='Administrator') (dev.localhost::scheduled_job::frappe.utils.global_search.sync_global_search)
2025-05-13 11:45:47,688 workspaces-library_management-frappe-bench:default: Job OK (dev.localhost::scheduled_job::frappe.utils.global_search.sync_global_search)
2025-05-13 11:45:47,688 Result is kept for 600 seconds
2025-05-13 11:45:47,697 workspaces-library_management-frappe-bench:default: frappe.utils.background_jobs.execute_job(event=None, is_async=True, job_name='frappe.core.doctype.scheduled_job_type.scheduled_job_type.run_scheduled_jo..., kwargs={'job_type': 'frappe.deferred_insert.save_to_db'}, method='frappe.core.doctype.scheduled_job_type.scheduled_job_type.run_scheduled_jo..., site='dev.localhost', user='Administrator') (dev.localhost::scheduled_job::frappe.deferred_insert.save_to_db)
2025-05-13 11:45:48,036 workspaces-library_management-frappe-bench:default: Job OK (dev.localhost::scheduled_job::frappe.deferred_insert.save_to_db)
2025-05-13 11:45:48,037 Result is kept for 600 seconds
2025-05-13 11:45:48,043 workspaces-library_management-frappe-bench:default: frappe.utils.background_jobs.execute_job(event=None, is_async=True, job_name='frappe.core.doctype.scheduled_job_type.scheduled_job_type.run_scheduled_jo..., kwargs={'job_type': 'frappe.oauth.delete_oauth2_data'}, method='frappe.core.doctype.scheduled_job_type.scheduled_job_type.run_scheduled_jo..., site='dev.localhost', user='Administrator') (dev.localhost::scheduled_job::frappe.oauth.delete_oauth2_data)
2025-05-13 11:45:48,414 workspaces-library_management-frappe-bench:default: Job OK (dev.localhost::scheduled_job::frappe.oauth.delete_oauth2_data)
2025-05-13 11:45:48,414 Result is kept for 600 seconds
2025-05-13 11:45:48,421 workspaces-library_management-frappe-bench:default: frappe.utils.background_jobs.execute_job(event=None, is_async=True, job_name='frappe.core.doctype.scheduled_job_type.scheduled_job_type.run_scheduled_jo..., kwargs={'job_type': 'frappe.email.doctype.email_account.email_account.notify_unrep..., method='frappe.core.doctype.scheduled_job_type.scheduled_job_type.run_scheduled_jo..., site='dev.localhost', user='Administrator') (dev.localhost::scheduled_job::frappe.email.doctype.email_account.email_account.notify_unreplied)
2025-05-13 11:45:48,761 workspaces-library_management-frappe-bench:default: Job OK (dev.localhost::scheduled_job::frappe.email.doctype.email_account.email_account.notify_unreplied)
2025-05-13 11:45:48,762 Result is kept for 600 seconds
2025-05-13 11:46:46,248 workspaces-library_management-frappe-bench:default: frappe.utils.background_jobs.execute_job(event=None, is_async=True, job_name='frappe.core.doctype.scheduled_job_type.scheduled_job_type.run_scheduled_jo..., kwargs={'job_type': 'frappe.email.queue.flush'}, method='frappe.core.doctype.scheduled_job_type.scheduled_job_type.run_scheduled_jo..., site='dev.localhost', user='Administrator') (dev.localhost::scheduled_job::frappe.email.queue.flush)
2025-05-13 11:46:46,648 workspaces-library_management-frappe-bench:default: Job OK (dev.localhost::scheduled_job::frappe.email.queue.flush)
2025-05-13 11:46:46,648 Result is kept for 600 seconds
2025-05-13 11:46:46,659 workspaces-library_management-frappe-bench:default: frappe.utils.background_jobs.execute_job(event=None, is_async=True, job_name='frappe.core.doctype.scheduled_job_type.scheduled_job_type.run_scheduled_jo..., kwargs={'job_type': 'frappe.monitor.flush'}, method='frappe.core.doctype.scheduled_job_type.scheduled_job_type.run_scheduled_jo..., site='dev.localhost', user='Administrator') (dev.localhost::scheduled_job::frappe.monitor.flush)
2025-05-13 11:46:47,014 workspaces-library_management-frappe-bench:default: Job OK (dev.localhost::scheduled_job::frappe.monitor.flush)
2025-05-13 11:46:47,015 Result is kept for 600 seconds
2025-05-13 11:46:47,024 workspaces-library_management-frappe-bench:default: frappe.utils.background_jobs.execute_job(event=None, is_async=True, job_name='frappe.core.doctype.scheduled_job_type.scheduled_job_type.run_scheduled_jo..., kwargs={'job_type': 'frappe.integrations.doctype.google_calendar.google_calendar.s..., method='frappe.core.doctype.scheduled_job_type.scheduled_job_type.run_scheduled_jo..., site='dev.localhost', user='Administrator') (dev.localhost::scheduled_job::frappe.integrations.doctype.google_calendar.google_calendar.sync)
2025-05-13 11:46:47,509 workspaces-library_management-frappe-bench:default: Job OK (dev.localhost::scheduled_job::frappe.integrations.doctype.google_calendar.google_calendar.sync)
2025-05-13 11:46:47,509 Result is kept for 600 seconds
2025-05-13 11:50:46,384 workspaces-library_management-frappe-bench:default: frappe.utils.background_jobs.execute_job(event=None, is_async=True, job_name='frappe.core.doctype.scheduled_job_type.scheduled_job_type.run_scheduled_jo..., kwargs={'job_type': 'frappe.integrations.doctype.google_calendar.google_calendar.s..., method='frappe.core.doctype.scheduled_job_type.scheduled_job_type.run_scheduled_jo..., site='dev.localhost', user='Administrator') (dev.localhost::scheduled_job::frappe.integrations.doctype.google_calendar.google_calendar.sync)
2025-05-13 11:50:46,841 workspaces-library_management-frappe-bench:default: Job OK (dev.localhost::scheduled_job::frappe.integrations.doctype.google_calendar.google_calendar.sync)
2025-05-13 11:50:46,842 Result is kept for 600 seconds
2025-05-13 11:50:46,850 workspaces-library_management-frappe-bench:default: frappe.utils.background_jobs.execute_job(event=None, is_async=True, job_name='frappe.core.doctype.scheduled_job_type.scheduled_job_type.run_scheduled_jo..., kwargs={'job_type': 'frappe.email.doctype.email_account.email_account.pull'}, method='frappe.core.doctype.scheduled_job_type.scheduled_job_type.run_scheduled_jo..., site='dev.localhost', user='Administrator') (dev.localhost::scheduled_job::frappe.email.doctype.email_account.email_account.pull)
2025-05-13 11:50:47,206 workspaces-library_management-frappe-bench:default: Job OK (dev.localhost::scheduled_job::frappe.email.doctype.email_account.email_account.pull)
2025-05-13 11:50:47,206 Result is kept for 600 seconds
2025-05-13 11:50:47,214 workspaces-library_management-frappe-bench:default: frappe.utils.background_jobs.execute_job(event=None, is_async=True, job_name='frappe.core.doctype.scheduled_job_type.scheduled_job_type.run_scheduled_jo..., kwargs={'job_type': 'frappe.email.queue.flush'}, method='frappe.core.doctype.scheduled_job_type.scheduled_job_type.run_scheduled_jo..., site='dev.localhost', user='Administrator') (dev.localhost::scheduled_job::frappe.email.queue.flush)
2025-05-13 11:50:47,724 workspaces-library_management-frappe-bench:default: Job OK (dev.localhost::scheduled_job::frappe.email.queue.flush)
2025-05-13 11:50:47,724 Result is kept for 600 seconds
2025-05-13 11:50:47,732 workspaces-library_management-frappe-bench:default: frappe.utils.background_jobs.execute_job(event=None, is_async=True, job_name='frappe.core.doctype.scheduled_job_type.scheduled_job_type.run_scheduled_jo..., kwargs={'job_type': 'frappe.monitor.flush'}, method='frappe.core.doctype.scheduled_job_type.scheduled_job_type.run_scheduled_jo..., site='dev.localhost', user='Administrator') (dev.localhost::scheduled_job::frappe.monitor.flush)
2025-05-13 11:50:48,056 workspaces-library_management-frappe-bench:default: Job OK (dev.localhost::scheduled_job::frappe.monitor.flush)
2025-05-13 11:50:48,056 Result is kept for 600 seconds
2025-05-13 14:07:47,786 Worker rq:worker:6c7addc5d33e492d9c873e9acd8a16bf started with PID 2884, version 1.15.1
2025-05-13 14:07:47,876 Subscribing to channel rq:pubsub:6c7addc5d33e492d9c873e9acd8a16bf
2025-05-13 14:07:47,881 *** Listening on workspaces-library_management-frappe-bench:short, workspaces-library_management-frappe-bench:default, workspaces-library_management-frappe-bench:long...
2025-05-13 14:07:47,881 Cleaning registries for queue: workspaces-library_management-frappe-bench:short
2025-05-13 14:07:47,882 Cleaning registries for queue: workspaces-library_management-frappe-bench:default
2025-05-13 14:07:47,884 Cleaning registries for queue: workspaces-library_management-frappe-bench:long
2025-05-13 14:15:37,238 Worker 6c7addc5d33e492d9c873e9acd8a16bf [PID 2884]: warm shut down requested
2025-05-13 14:16:05,121 Worker rq:worker:cb051e879ea644b78e5ad43fec4f28c6 started with PID 8812, version 1.15.1
2025-05-13 14:16:05,123 Subscribing to channel rq:pubsub:cb051e879ea644b78e5ad43fec4f28c6
2025-05-13 14:16:05,128 *** Listening on workspaces-library_management-frappe-bench:short, workspaces-library_management-frappe-bench:default, workspaces-library_management-frappe-bench:long...
2025-05-13 14:16:05,128 Cleaning registries for queue: workspaces-library_management-frappe-bench:short
2025-05-13 14:16:05,130 Cleaning registries for queue: workspaces-library_management-frappe-bench:default
2025-05-13 14:16:05,132 Cleaning registries for queue: workspaces-library_management-frappe-bench:long
2025-05-13 14:18:25,672 Worker cb051e879ea644b78e5ad43fec4f28c6 [PID 8812]: warm shut down requested
2025-05-13 14:18:25,684 Unsubscribing from channel rq:pubsub:cb051e879ea644b78e5ad43fec4f28c6
2025-05-13 14:18:32,879 Worker rq:worker:7d7638772b4946e9be22a23a00e84116 started with PID 10588, version 1.15.1
2025-05-13 14:18:32,879 Subscribing to channel rq:pubsub:7d7638772b4946e9be22a23a00e84116
2025-05-13 14:18:32,891 *** Listening on workspaces-library_management-frappe-bench:short, workspaces-library_management-frappe-bench:default, workspaces-library_management-frappe-bench:long...
2025-05-13 14:18:32,899 Cleaning registries for queue: workspaces-library_management-frappe-bench:short
2025-05-13 14:18:32,919 Cleaning registries for queue: workspaces-library_management-frappe-bench:default
2025-05-13 14:18:32,935 Cleaning registries for queue: workspaces-library_management-frappe-bench:long
2025-05-13 14:22:33,894 workspaces-library_management-frappe-bench:default: frappe.utils.background_jobs.execute_job(event=None, is_async=True, job_name='frappe.core.doctype.scheduled_job_type.scheduled_job_type.run_scheduled_jo..., kwargs={'job_type': 'frappe.model.utils.link_count.update_link_count'}, method='frappe.core.doctype.scheduled_job_type.scheduled_job_type.run_scheduled_jo..., site='dev.localhost', user='Administrator') (dev.localhost::scheduled_job::frappe.model.utils.link_count.update_link_count)
2025-05-13 14:22:34,589 workspaces-library_management-frappe-bench:default: Job OK (dev.localhost::scheduled_job::frappe.model.utils.link_count.update_link_count)
2025-05-13 14:22:34,589 Result is kept for 600 seconds
2025-05-13 14:22:34,596 workspaces-library_management-frappe-bench:default: frappe.utils.background_jobs.execute_job(event=None, is_async=True, job_name='frappe.core.doctype.scheduled_job_type.scheduled_job_type.run_scheduled_jo..., kwargs={'job_type': 'frappe.integrations.doctype.google_calendar.google_calendar.s..., method='frappe.core.doctype.scheduled_job_type.scheduled_job_type.run_scheduled_jo..., site='dev.localhost', user='Administrator') (dev.localhost::scheduled_job::frappe.integrations.doctype.google_calendar.google_calendar.sync)
2025-05-13 14:22:35,274 workspaces-library_management-frappe-bench:default: Job OK (dev.localhost::scheduled_job::frappe.integrations.doctype.google_calendar.google_calendar.sync)
2025-05-13 14:22:35,274 Result is kept for 600 seconds
2025-05-13 14:22:35,281 workspaces-library_management-frappe-bench:default: frappe.utils.background_jobs.execute_job(event=None, is_async=True, job_name='frappe.core.doctype.scheduled_job_type.scheduled_job_type.run_scheduled_jo..., kwargs={'job_type': 'frappe.website.doctype.personal_data_deletion_request.persona..., method='frappe.core.doctype.scheduled_job_type.scheduled_job_type.run_scheduled_jo..., site='dev.localhost', user='Administrator') (dev.localhost::scheduled_job::frappe.website.doctype.personal_data_deletion_request.personal_data_deletion_request.process_data_deletion_request)
2025-05-13 14:22:35,633 workspaces-library_management-frappe-bench:default: Job OK (dev.localhost::scheduled_job::frappe.website.doctype.personal_data_deletion_request.personal_data_deletion_request.process_data_deletion_request)
2025-05-13 14:22:35,633 Result is kept for 600 seconds
2025-05-13 14:22:35,639 workspaces-library_management-frappe-bench:default: frappe.utils.background_jobs.execute_job(event=None, is_async=True, job_name='frappe.core.doctype.scheduled_job_type.scheduled_job_type.run_scheduled_jo..., kwargs={'job_type': 'frappe.utils.global_search.sync_global_search'}, method='frappe.core.doctype.scheduled_job_type.scheduled_job_type.run_scheduled_jo..., site='dev.localhost', user='Administrator') (dev.localhost::scheduled_job::frappe.utils.global_search.sync_global_search)
2025-05-13 14:22:35,959 workspaces-library_management-frappe-bench:default: Job OK (dev.localhost::scheduled_job::frappe.utils.global_search.sync_global_search)
2025-05-13 14:22:35,959 Result is kept for 600 seconds
2025-05-13 14:22:35,968 workspaces-library_management-frappe-bench:default: frappe.utils.background_jobs.execute_job(event=None, is_async=True, job_name='frappe.core.doctype.scheduled_job_type.scheduled_job_type.run_scheduled_jo..., kwargs={'job_type': 'frappe.monitor.flush'}, method='frappe.core.doctype.scheduled_job_type.scheduled_job_type.run_scheduled_jo..., site='dev.localhost', user='Administrator') (dev.localhost::scheduled_job::frappe.monitor.flush)
2025-05-13 14:22:36,365 workspaces-library_management-frappe-bench:default: Job OK (dev.localhost::scheduled_job::frappe.monitor.flush)
2025-05-13 14:22:36,366 Result is kept for 600 seconds
2025-05-13 14:22:36,372 workspaces-library_management-frappe-bench:default: frappe.utils.background_jobs.execute_job(event=None, is_async=True, job_name='frappe.core.doctype.scheduled_job_type.scheduled_job_type.run_scheduled_jo..., kwargs={'job_type': 'frappe.oauth.delete_oauth2_data'}, method='frappe.core.doctype.scheduled_job_type.scheduled_job_type.run_scheduled_jo..., site='dev.localhost', user='Administrator') (dev.localhost::scheduled_job::frappe.oauth.delete_oauth2_data)
2025-05-13 14:22:36,723 workspaces-library_management-frappe-bench:default: Job OK (dev.localhost::scheduled_job::frappe.oauth.delete_oauth2_data)
2025-05-13 14:22:36,723 Result is kept for 600 seconds
2025-05-13 14:22:36,729 workspaces-library_management-frappe-bench:default: frappe.utils.background_jobs.execute_job(event=None, is_async=True, job_name='frappe.core.doctype.scheduled_job_type.scheduled_job_type.run_scheduled_jo..., kwargs={'job_type': 'frappe.desk.form.document_follow.send_hourly_updates'}, method='frappe.core.doctype.scheduled_job_type.scheduled_job_type.run_scheduled_jo..., site='dev.localhost', user='Administrator') (dev.localhost::scheduled_job::frappe.desk.form.document_follow.send_hourly_updates)
2025-05-13 14:22:37,080 workspaces-library_management-frappe-bench:default: Job OK (dev.localhost::scheduled_job::frappe.desk.form.document_follow.send_hourly_updates)
2025-05-13 14:22:37,080 Result is kept for 600 seconds
2025-05-13 14:22:37,087 workspaces-library_management-frappe-bench:default: frappe.utils.background_jobs.execute_job(event=None, is_async=True, job_name='frappe.core.doctype.scheduled_job_type.scheduled_job_type.run_scheduled_jo..., kwargs={'job_type': 'frappe.deferred_insert.save_to_db'}, method='frappe.core.doctype.scheduled_job_type.scheduled_job_type.run_scheduled_jo..., site='dev.localhost', user='Administrator') (dev.localhost::scheduled_job::frappe.deferred_insert.save_to_db)
2025-05-13 14:22:37,425 workspaces-library_management-frappe-bench:default: Job OK (dev.localhost::scheduled_job::frappe.deferred_insert.save_to_db)
2025-05-13 14:22:37,425 Result is kept for 600 seconds
2025-05-13 14:22:37,431 workspaces-library_management-frappe-bench:default: frappe.utils.background_jobs.execute_job(event=None, is_async=True, job_name='frappe.core.doctype.scheduled_job_type.scheduled_job_type.run_scheduled_jo..., kwargs={'job_type': 'frappe.email.doctype.email_account.email_account.pull'}, method='frappe.core.doctype.scheduled_job_type.scheduled_job_type.run_scheduled_jo..., site='dev.localhost', user='Administrator') (dev.localhost::scheduled_job::frappe.email.doctype.email_account.email_account.pull)
2025-05-13 14:22:37,783 workspaces-library_management-frappe-bench:default: Job OK (dev.localhost::scheduled_job::frappe.email.doctype.email_account.email_account.pull)
2025-05-13 14:22:37,783 Result is kept for 600 seconds
2025-05-13 14:22:37,789 workspaces-library_management-frappe-bench:default: frappe.utils.background_jobs.execute_job(event=None, is_async=True, job_name='frappe.core.doctype.scheduled_job_type.scheduled_job_type.run_scheduled_jo..., kwargs={'job_type': 'frappe.email.doctype.email_account.email_account.notify_unrep..., method='frappe.core.doctype.scheduled_job_type.scheduled_job_type.run_scheduled_jo..., site='dev.localhost', user='Administrator') (dev.localhost::scheduled_job::frappe.email.doctype.email_account.email_account.notify_unreplied)
2025-05-13 14:22:38,246 workspaces-library_management-frappe-bench:default: Job OK (dev.localhost::scheduled_job::frappe.email.doctype.email_account.email_account.notify_unreplied)
2025-05-13 14:22:38,246 Result is kept for 600 seconds
2025-05-13 14:22:38,255 workspaces-library_management-frappe-bench:default: frappe.utils.background_jobs.execute_job(event=None, is_async=True, job_name='frappe.core.doctype.scheduled_job_type.scheduled_job_type.run_scheduled_jo..., kwargs={'job_type': 'frappe.email.doctype.newsletter.newsletter.send_scheduled_ema..., method='frappe.core.doctype.scheduled_job_type.scheduled_job_type.run_scheduled_jo..., site='dev.localhost', user='Administrator') (dev.localhost::scheduled_job::frappe.email.doctype.newsletter.newsletter.send_scheduled_email)
2025-05-13 14:22:38,669 workspaces-library_management-frappe-bench:default: Job OK (dev.localhost::scheduled_job::frappe.email.doctype.newsletter.newsletter.send_scheduled_email)
2025-05-13 14:22:38,669 Result is kept for 600 seconds
2025-05-13 14:22:38,676 workspaces-library_management-frappe-bench:default: frappe.utils.background_jobs.execute_job(event=None, is_async=True, job_name='frappe.core.doctype.scheduled_job_type.scheduled_job_type.run_scheduled_jo..., kwargs={'job_type': 'frappe.twofactor.delete_all_barcodes_for_users'}, method='frappe.core.doctype.scheduled_job_type.scheduled_job_type.run_scheduled_jo..., site='dev.localhost', user='Administrator') (dev.localhost::scheduled_job::frappe.twofactor.delete_all_barcodes_for_users)
2025-05-13 14:22:39,036 workspaces-library_management-frappe-bench:default: Job OK (dev.localhost::scheduled_job::frappe.twofactor.delete_all_barcodes_for_users)
2025-05-13 14:22:39,036 Result is kept for 600 seconds
2025-05-13 14:22:39,047 workspaces-library_management-frappe-bench:default: frappe.utils.background_jobs.execute_job(event=None, is_async=True, job_name='frappe.core.doctype.scheduled_job_type.scheduled_job_type.run_scheduled_jo..., kwargs={'job_type': 'frappe.email.queue.flush'}, method='frappe.core.doctype.scheduled_job_type.scheduled_job_type.run_scheduled_jo..., site='dev.localhost', user='Administrator') (dev.localhost::scheduled_job::frappe.email.queue.flush)
2025-05-13 14:22:39,560 workspaces-library_management-frappe-bench:default: Job OK (dev.localhost::scheduled_job::frappe.email.queue.flush)
2025-05-13 14:22:39,560 Result is kept for 600 seconds
2025-05-13 14:22:39,567 workspaces-library_management-frappe-bench:default: frappe.utils.background_jobs.execute_job(event=None, is_async=True, job_name='frappe.core.doctype.scheduled_job_type.scheduled_job_type.run_scheduled_jo..., kwargs={'job_type': 'frappe.core.doctype.prepared_report.prepared_report.expire_st..., method='frappe.core.doctype.scheduled_job_type.scheduled_job_type.run_scheduled_jo..., site='dev.localhost', user='Administrator') (dev.localhost::scheduled_job::frappe.core.doctype.prepared_report.prepared_report.expire_stalled_report)
2025-05-13 14:22:40,005 workspaces-library_management-frappe-bench:default: Job OK (dev.localhost::scheduled_job::frappe.core.doctype.prepared_report.prepared_report.expire_stalled_report)
2025-05-13 14:22:40,006 Result is kept for 600 seconds
2025-05-13 14:22:40,012 workspaces-library_management-frappe-bench:default: frappe.utils.background_jobs.execute_job(event=None, is_async=True, job_name='frappe.core.doctype.scheduled_job_type.scheduled_job_type.run_scheduled_jo..., kwargs={'job_type': 'frappe.model.utils.user_settings.sync_user_settings'}, method='frappe.core.doctype.scheduled_job_type.scheduled_job_type.run_scheduled_jo..., site='dev.localhost', user='Administrator') (dev.localhost::scheduled_job::frappe.model.utils.user_settings.sync_user_settings)
2025-05-13 14:22:40,322 workspaces-library_management-frappe-bench:default: Job OK (dev.localhost::scheduled_job::frappe.model.utils.user_settings.sync_user_settings)
2025-05-13 14:22:40,322 Result is kept for 600 seconds
2025-05-13 14:22:40,328 workspaces-library_management-frappe-bench:default: frappe.utils.background_jobs.execute_job(event=None, is_async=True, job_name='frappe.core.doctype.scheduled_job_type.scheduled_job_type.run_scheduled_jo..., kwargs={'job_type': 'frappe.website.doctype.web_page.web_page.check_publish_status..., method='frappe.core.doctype.scheduled_job_type.scheduled_job_type.run_scheduled_jo..., site='dev.localhost', user='Administrator') (dev.localhost::scheduled_job::frappe.website.doctype.web_page.web_page.check_publish_status)
2025-05-13 14:22:40,853 workspaces-library_management-frappe-bench:default: Job OK (dev.localhost::scheduled_job::frappe.website.doctype.web_page.web_page.check_publish_status)
2025-05-13 14:22:40,853 Result is kept for 600 seconds
2025-05-13 14:22:40,860 workspaces-library_management-frappe-bench:default: frappe.utils.background_jobs.execute_job(event=None, is_async=True, job_name='frappe.core.doctype.scheduled_job_type.scheduled_job_type.run_scheduled_jo..., kwargs={'job_type': 'frappe.automation.doctype.reminder.reminder.send_reminders'}, method='frappe.core.doctype.scheduled_job_type.scheduled_job_type.run_scheduled_jo..., site='dev.localhost', user='Administrator') (dev.localhost::scheduled_job::frappe.automation.doctype.reminder.reminder.send_reminders)
2025-05-13 14:22:41,293 workspaces-library_management-frappe-bench:default: Job OK (dev.localhost::scheduled_job::frappe.automation.doctype.reminder.reminder.send_reminders)
2025-05-13 14:22:41,293 Result is kept for 600 seconds
2025-05-13 14:22:41,300 workspaces-library_management-frappe-bench:default: frappe.utils.background_jobs.execute_job(event=None, is_async=True, job_name='frappe.core.doctype.scheduled_job_type.scheduled_job_type.run_scheduled_jo..., kwargs={'job_type': 'frappe.desk.page.backups.backups.delete_downloadable_backups'..., method='frappe.core.doctype.scheduled_job_type.scheduled_job_type.run_scheduled_jo..., site='dev.localhost', user='Administrator') (dev.localhost::scheduled_job::frappe.desk.page.backups.backups.delete_downloadable_backups)
2025-05-13 14:22:41,647 workspaces-library_management-frappe-bench:default: Job OK (dev.localhost::scheduled_job::frappe.desk.page.backups.backups.delete_downloadable_backups)
2025-05-13 14:22:41,647 Result is kept for 600 seconds
2025-05-13 14:26:34,095 workspaces-library_management-frappe-bench:default: frappe.utils.background_jobs.execute_job(event=None, is_async=True, job_name='frappe.core.doctype.scheduled_job_type.scheduled_job_type.run_scheduled_jo..., kwargs={'job_type': 'frappe.integrations.doctype.google_calendar.google_calendar.s..., method='frappe.core.doctype.scheduled_job_type.scheduled_job_type.run_scheduled_jo..., site='dev.localhost', user='Administrator') (dev.localhost::scheduled_job::frappe.integrations.doctype.google_calendar.google_calendar.sync)
2025-05-13 14:26:34,614 workspaces-library_management-frappe-bench:default: Job OK (dev.localhost::scheduled_job::frappe.integrations.doctype.google_calendar.google_calendar.sync)
2025-05-13 14:26:34,614 Result is kept for 600 seconds
2025-05-13 14:26:34,622 workspaces-library_management-frappe-bench:default: frappe.utils.background_jobs.execute_job(event=None, is_async=True, job_name='frappe.core.doctype.scheduled_job_type.scheduled_job_type.run_scheduled_jo..., kwargs={'job_type': 'frappe.monitor.flush'}, method='frappe.core.doctype.scheduled_job_type.scheduled_job_type.run_scheduled_jo..., site='dev.localhost', user='Administrator') (dev.localhost::scheduled_job::frappe.monitor.flush)
2025-05-13 14:26:34,951 workspaces-library_management-frappe-bench:default: Job OK (dev.localhost::scheduled_job::frappe.monitor.flush)
2025-05-13 14:26:34,951 Result is kept for 600 seconds
2025-05-13 14:26:34,957 workspaces-library_management-frappe-bench:default: frappe.utils.background_jobs.execute_job(event=None, is_async=True, job_name='frappe.core.doctype.scheduled_job_type.scheduled_job_type.run_scheduled_jo..., kwargs={'job_type': 'frappe.email.queue.flush'}, method='frappe.core.doctype.scheduled_job_type.scheduled_job_type.run_scheduled_jo..., site='dev.localhost', user='Administrator') (dev.localhost::scheduled_job::frappe.email.queue.flush)
2025-05-13 14:26:35,374 workspaces-library_management-frappe-bench:default: Job OK (dev.localhost::scheduled_job::frappe.email.queue.flush)
2025-05-13 14:26:35,374 Result is kept for 600 seconds
2025-05-13 14:30:34,243 workspaces-library_management-frappe-bench:default: frappe.utils.background_jobs.execute_job(event=None, is_async=True, job_name='frappe.core.doctype.scheduled_job_type.scheduled_job_type.run_scheduled_jo..., kwargs={'job_type': 'frappe.model.utils.link_count.update_link_count'}, method='frappe.core.doctype.scheduled_job_type.scheduled_job_type.run_scheduled_jo..., site='dev.localhost', user='Administrator') (dev.localhost::scheduled_job::frappe.model.utils.link_count.update_link_count)
2025-05-13 14:30:34,637 workspaces-library_management-frappe-bench:default: Job OK (dev.localhost::scheduled_job::frappe.model.utils.link_count.update_link_count)
2025-05-13 14:30:34,637 Result is kept for 600 seconds
2025-05-13 14:30:34,646 workspaces-library_management-frappe-bench:default: frappe.utils.background_jobs.execute_job(event=None, is_async=True, job_name='frappe.core.doctype.scheduled_job_type.scheduled_job_type.run_scheduled_jo..., kwargs={'job_type': 'frappe.utils.global_search.sync_global_search'}, method='frappe.core.doctype.scheduled_job_type.scheduled_job_type.run_scheduled_jo..., site='dev.localhost', user='Administrator') (dev.localhost::scheduled_job::frappe.utils.global_search.sync_global_search)
2025-05-13 14:30:34,999 workspaces-library_management-frappe-bench:default: Job OK (dev.localhost::scheduled_job::frappe.utils.global_search.sync_global_search)
2025-05-13 14:30:34,999 Result is kept for 600 seconds
2025-05-13 14:30:35,005 workspaces-library_management-frappe-bench:default: frappe.utils.background_jobs.execute_job(event=None, is_async=True, job_name='frappe.core.doctype.scheduled_job_type.scheduled_job_type.run_scheduled_jo..., kwargs={'job_type': 'frappe.email.doctype.email_account.email_account.pull'}, method='frappe.core.doctype.scheduled_job_type.scheduled_job_type.run_scheduled_jo..., site='dev.localhost', user='Administrator') (dev.localhost::scheduled_job::frappe.email.doctype.email_account.email_account.pull)
2025-05-13 14:30:35,372 workspaces-library_management-frappe-bench:default: Job OK (dev.localhost::scheduled_job::frappe.email.doctype.email_account.email_account.pull)
2025-05-13 14:30:35,372 Result is kept for 600 seconds
2025-05-13 14:30:35,379 workspaces-library_management-frappe-bench:default: frappe.utils.background_jobs.execute_job(event=None, is_async=True, job_name='frappe.core.doctype.scheduled_job_type.scheduled_job_type.run_scheduled_jo..., kwargs={'job_type': 'frappe.email.queue.flush'}, method='frappe.core.doctype.scheduled_job_type.scheduled_job_type.run_scheduled_jo..., site='dev.localhost', user='Administrator') (dev.localhost::scheduled_job::frappe.email.queue.flush)
2025-05-13 14:30:35,800 workspaces-library_management-frappe-bench:default: Job OK (dev.localhost::scheduled_job::frappe.email.queue.flush)
2025-05-13 14:30:35,801 Result is kept for 600 seconds
2025-05-13 14:30:35,812 workspaces-library_management-frappe-bench:default: frappe.utils.background_jobs.execute_job(event=None, is_async=True, job_name='frappe.core.doctype.scheduled_job_type.scheduled_job_type.run_scheduled_jo..., kwargs={'job_type': 'frappe.model.utils.user_settings.sync_user_settings'}, method='frappe.core.doctype.scheduled_job_type.scheduled_job_type.run_scheduled_jo..., site='dev.localhost', user='Administrator') (dev.localhost::scheduled_job::frappe.model.utils.user_settings.sync_user_settings)
2025-05-13 14:30:36,304 workspaces-library_management-frappe-bench:default: Job OK (dev.localhost::scheduled_job::frappe.model.utils.user_settings.sync_user_settings)
2025-05-13 14:30:36,304 Result is kept for 600 seconds
2025-05-13 14:30:36,314 workspaces-library_management-frappe-bench:default: frappe.utils.background_jobs.execute_job(event=None, is_async=True, job_name='frappe.core.doctype.scheduled_job_type.scheduled_job_type.run_scheduled_jo..., kwargs={'job_type': 'frappe.twofactor.delete_all_barcodes_for_users'}, method='frappe.core.doctype.scheduled_job_type.scheduled_job_type.run_scheduled_jo..., site='dev.localhost', user='Administrator') (dev.localhost::scheduled_job::frappe.twofactor.delete_all_barcodes_for_users)
2025-05-13 14:30:36,776 workspaces-library_management-frappe-bench:default: Job OK (dev.localhost::scheduled_job::frappe.twofactor.delete_all_barcodes_for_users)
2025-05-13 14:30:36,776 Result is kept for 600 seconds
2025-05-13 14:30:36,784 workspaces-library_management-frappe-bench:default: frappe.utils.background_jobs.execute_job(event=None, is_async=True, job_name='frappe.core.doctype.scheduled_job_type.scheduled_job_type.run_scheduled_jo..., kwargs={'job_type': 'frappe.automation.doctype.reminder.reminder.send_reminders'}, method='frappe.core.doctype.scheduled_job_type.scheduled_job_type.run_scheduled_jo..., site='dev.localhost', user='Administrator') (dev.localhost::scheduled_job::frappe.automation.doctype.reminder.reminder.send_reminders)
2025-05-13 14:30:37,157 workspaces-library_management-frappe-bench:default: Job OK (dev.localhost::scheduled_job::frappe.automation.doctype.reminder.reminder.send_reminders)
2025-05-13 14:30:37,157 Result is kept for 600 seconds
2025-05-13 14:30:37,166 workspaces-library_management-frappe-bench:default: frappe.utils.background_jobs.execute_job(event=None, is_async=True, job_name='frappe.core.doctype.scheduled_job_type.scheduled_job_type.run_scheduled_jo..., kwargs={'job_type': 'frappe.website.doctype.web_page.web_page.check_publish_status..., method='frappe.core.doctype.scheduled_job_type.scheduled_job_type.run_scheduled_jo..., site='dev.localhost', user='Administrator') (dev.localhost::scheduled_job::frappe.website.doctype.web_page.web_page.check_publish_status)
2025-05-13 14:30:37,560 workspaces-library_management-frappe-bench:default: Job OK (dev.localhost::scheduled_job::frappe.website.doctype.web_page.web_page.check_publish_status)
2025-05-13 14:30:37,560 Result is kept for 600 seconds
2025-05-13 14:30:37,566 workspaces-library_management-frappe-bench:default: frappe.utils.background_jobs.execute_job(event=None, is_async=True, job_name='frappe.core.doctype.scheduled_job_type.scheduled_job_type.run_scheduled_jo..., kwargs={'job_type': 'frappe.integrations.doctype.google_calendar.google_calendar.s..., method='frappe.core.doctype.scheduled_job_type.scheduled_job_type.run_scheduled_jo..., site='dev.localhost', user='Administrator') (dev.localhost::scheduled_job::frappe.integrations.doctype.google_calendar.google_calendar.sync)
2025-05-13 14:30:38,062 workspaces-library_management-frappe-bench:default: Job OK (dev.localhost::scheduled_job::frappe.integrations.doctype.google_calendar.google_calendar.sync)
2025-05-13 14:30:38,062 Result is kept for 600 seconds
2025-05-13 14:30:38,069 workspaces-library_management-frappe-bench:default: frappe.utils.background_jobs.execute_job(event=None, is_async=True, job_name='frappe.core.doctype.scheduled_job_type.scheduled_job_type.run_scheduled_jo..., kwargs={'job_type': 'frappe.deferred_insert.save_to_db'}, method='frappe.core.doctype.scheduled_job_type.scheduled_job_type.run_scheduled_jo..., site='dev.localhost', user='Administrator') (dev.localhost::scheduled_job::frappe.deferred_insert.save_to_db)
2025-05-13 14:30:38,379 workspaces-library_management-frappe-bench:default: Job OK (dev.localhost::scheduled_job::frappe.deferred_insert.save_to_db)
2025-05-13 14:30:38,379 Result is kept for 600 seconds
2025-05-13 14:30:38,386 workspaces-library_management-frappe-bench:default: frappe.utils.background_jobs.execute_job(event=None, is_async=True, job_name='frappe.core.doctype.scheduled_job_type.scheduled_job_type.run_scheduled_jo..., kwargs={'job_type': 'frappe.email.doctype.email_account.email_account.notify_unrep..., method='frappe.core.doctype.scheduled_job_type.scheduled_job_type.run_scheduled_jo..., site='dev.localhost', user='Administrator') (dev.localhost::scheduled_job::frappe.email.doctype.email_account.email_account.notify_unreplied)
2025-05-13 14:30:38,722 workspaces-library_management-frappe-bench:default: Job OK (dev.localhost::scheduled_job::frappe.email.doctype.email_account.email_account.notify_unreplied)
2025-05-13 14:30:38,722 Result is kept for 600 seconds
2025-05-13 14:30:38,729 workspaces-library_management-frappe-bench:default: frappe.utils.background_jobs.execute_job(event=None, is_async=True, job_name='frappe.core.doctype.scheduled_job_type.scheduled_job_type.run_scheduled_jo..., kwargs={'job_type': 'frappe.desk.page.backups.backups.delete_downloadable_backups'..., method='frappe.core.doctype.scheduled_job_type.scheduled_job_type.run_scheduled_jo..., site='dev.localhost', user='Administrator') (dev.localhost::scheduled_job::frappe.desk.page.backups.backups.delete_downloadable_backups)
2025-05-13 14:30:39,157 workspaces-library_management-frappe-bench:default: Job OK (dev.localhost::scheduled_job::frappe.desk.page.backups.backups.delete_downloadable_backups)
2025-05-13 14:30:39,157 Result is kept for 600 seconds
2025-05-13 14:30:39,164 workspaces-library_management-frappe-bench:default: frappe.utils.background_jobs.execute_job(event=None, is_async=True, job_name='frappe.core.doctype.scheduled_job_type.scheduled_job_type.run_scheduled_jo..., kwargs={'job_type': 'frappe.website.doctype.personal_data_deletion_request.persona..., method='frappe.core.doctype.scheduled_job_type.scheduled_job_type.run_scheduled_jo..., site='dev.localhost', user='Administrator') (dev.localhost::scheduled_job::frappe.website.doctype.personal_data_deletion_request.personal_data_deletion_request.process_data_deletion_request)
2025-05-13 14:30:39,488 workspaces-library_management-frappe-bench:default: Job OK (dev.localhost::scheduled_job::frappe.website.doctype.personal_data_deletion_request.personal_data_deletion_request.process_data_deletion_request)
2025-05-13 14:30:39,488 Result is kept for 600 seconds
2025-05-13 14:30:39,494 workspaces-library_management-frappe-bench:default: frappe.utils.background_jobs.execute_job(event=None, is_async=True, job_name='frappe.core.doctype.scheduled_job_type.scheduled_job_type.run_scheduled_jo..., kwargs={'job_type': 'frappe.desk.form.document_follow.send_hourly_updates'}, method='frappe.core.doctype.scheduled_job_type.scheduled_job_type.run_scheduled_jo..., site='dev.localhost', user='Administrator') (dev.localhost::scheduled_job::frappe.desk.form.document_follow.send_hourly_updates)
2025-05-13 14:30:39,817 workspaces-library_management-frappe-bench:default: Job OK (dev.localhost::scheduled_job::frappe.desk.form.document_follow.send_hourly_updates)
2025-05-13 14:30:39,818 Result is kept for 600 seconds
2025-05-13 14:30:39,824 workspaces-library_management-frappe-bench:default: frappe.utils.background_jobs.execute_job(event=None, is_async=True, job_name='frappe.core.doctype.scheduled_job_type.scheduled_job_type.run_scheduled_jo..., kwargs={'job_type': 'frappe.email.doctype.newsletter.newsletter.send_scheduled_ema..., method='frappe.core.doctype.scheduled_job_type.scheduled_job_type.run_scheduled_jo..., site='dev.localhost', user='Administrator') (dev.localhost::scheduled_job::frappe.email.doctype.newsletter.newsletter.send_scheduled_email)
2025-05-13 14:30:40,214 workspaces-library_management-frappe-bench:default: Job OK (dev.localhost::scheduled_job::frappe.email.doctype.newsletter.newsletter.send_scheduled_email)
2025-05-13 14:30:40,214 Result is kept for 600 seconds
2025-05-13 14:30:40,221 workspaces-library_management-frappe-bench:default: frappe.utils.background_jobs.execute_job(event=None, is_async=True, job_name='frappe.core.doctype.scheduled_job_type.scheduled_job_type.run_scheduled_jo..., kwargs={'job_type': 'frappe.oauth.delete_oauth2_data'}, method='frappe.core.doctype.scheduled_job_type.scheduled_job_type.run_scheduled_jo..., site='dev.localhost', user='Administrator') (dev.localhost::scheduled_job::frappe.oauth.delete_oauth2_data)
2025-05-13 14:30:40,592 workspaces-library_management-frappe-bench:default: Job OK (dev.localhost::scheduled_job::frappe.oauth.delete_oauth2_data)
2025-05-13 14:30:40,593 Result is kept for 600 seconds
2025-05-13 14:30:40,599 workspaces-library_management-frappe-bench:default: frappe.utils.background_jobs.execute_job(event=None, is_async=True, job_name='frappe.core.doctype.scheduled_job_type.scheduled_job_type.run_scheduled_jo..., kwargs={'job_type': 'frappe.monitor.flush'}, method='frappe.core.doctype.scheduled_job_type.scheduled_job_type.run_scheduled_jo..., site='dev.localhost', user='Administrator') (dev.localhost::scheduled_job::frappe.monitor.flush)
2025-05-13 14:30:40,913 workspaces-library_management-frappe-bench:default: Job OK (dev.localhost::scheduled_job::frappe.monitor.flush)
2025-05-13 14:30:40,913 Result is kept for 600 seconds
2025-05-13 14:32:23,820 Worker 7d7638772b4946e9be22a23a00e84116 [PID 10588]: warm shut down requested
2025-05-13 14:32:23,831 Unsubscribing from channel rq:pubsub:7d7638772b4946e9be22a23a00e84116
2025-05-13 14:33:29,741 Worker rq:worker:33f8da6b2fee43edbf612b6361664c32 started with PID 20817, version 1.15.1
2025-05-13 14:33:29,741 Subscribing to channel rq:pubsub:33f8da6b2fee43edbf612b6361664c32
2025-05-13 14:33:29,742 *** Listening on workspaces-library_management-frappe-bench:short, workspaces-library_management-frappe-bench:default, workspaces-library_management-frappe-bench:long...
2025-05-13 14:33:29,743 Cleaning registries for queue: workspaces-library_management-frappe-bench:short
2025-05-13 14:33:29,744 Cleaning registries for queue: workspaces-library_management-frappe-bench:default
2025-05-13 14:33:29,751 Cleaning registries for queue: workspaces-library_management-frappe-bench:long
2025-05-13 14:34:30,655 workspaces-library_management-frappe-bench:default: frappe.utils.background_jobs.execute_job(event=None, is_async=True, job_name='frappe.core.doctype.scheduled_job_type.scheduled_job_type.run_scheduled_jo..., kwargs={'job_type': 'frappe.monitor.flush'}, method='frappe.core.doctype.scheduled_job_type.scheduled_job_type.run_scheduled_jo..., site='dev.localhost', user='Administrator') (dev.localhost::scheduled_job::frappe.monitor.flush)
2025-05-13 14:34:31,080 workspaces-library_management-frappe-bench:default: Job OK (dev.localhost::scheduled_job::frappe.monitor.flush)
2025-05-13 14:34:31,080 Result is kept for 600 seconds
2025-05-13 14:34:31,099 workspaces-library_management-frappe-bench:default: frappe.utils.background_jobs.execute_job(event=None, is_async=True, job_name='frappe.core.doctype.scheduled_job_type.scheduled_job_type.run_scheduled_jo..., kwargs={'job_type': 'frappe.integrations.doctype.google_calendar.google_calendar.s..., method='frappe.core.doctype.scheduled_job_type.scheduled_job_type.run_scheduled_jo..., site='dev.localhost', user='Administrator') (dev.localhost::scheduled_job::frappe.integrations.doctype.google_calendar.google_calendar.sync)
2025-05-13 14:34:31,580 workspaces-library_management-frappe-bench:default: Job OK (dev.localhost::scheduled_job::frappe.integrations.doctype.google_calendar.google_calendar.sync)
2025-05-13 14:34:31,581 Result is kept for 600 seconds
2025-05-13 14:34:31,589 workspaces-library_management-frappe-bench:default: frappe.utils.background_jobs.execute_job(event=None, is_async=True, job_name='frappe.core.doctype.scheduled_job_type.scheduled_job_type.run_scheduled_jo..., kwargs={'job_type': 'frappe.email.queue.flush'}, method='frappe.core.doctype.scheduled_job_type.scheduled_job_type.run_scheduled_jo..., site='dev.localhost', user='Administrator') (dev.localhost::scheduled_job::frappe.email.queue.flush)
2025-05-13 14:34:32,017 workspaces-library_management-frappe-bench:default: Job OK (dev.localhost::scheduled_job::frappe.email.queue.flush)
2025-05-13 14:34:32,018 Result is kept for 600 seconds
2025-05-13 14:38:30,819 workspaces-library_management-frappe-bench:default: frappe.utils.background_jobs.execute_job(event=None, is_async=True, job_name='frappe.core.doctype.scheduled_job_type.scheduled_job_type.run_scheduled_jo..., kwargs={'job_type': 'frappe.monitor.flush'}, method='frappe.core.doctype.scheduled_job_type.scheduled_job_type.run_scheduled_jo..., site='dev.localhost', user='Administrator') (dev.localhost::scheduled_job::frappe.monitor.flush)
2025-05-13 14:38:31,182 workspaces-library_management-frappe-bench:default: Job OK (dev.localhost::scheduled_job::frappe.monitor.flush)
2025-05-13 14:38:31,182 Result is kept for 600 seconds
2025-05-13 14:38:31,189 workspaces-library_management-frappe-bench:default: frappe.utils.background_jobs.execute_job(event=None, is_async=True, job_name='frappe.core.doctype.scheduled_job_type.scheduled_job_type.run_scheduled_jo..., kwargs={'job_type': 'frappe.integrations.doctype.google_calendar.google_calendar.s..., method='frappe.core.doctype.scheduled_job_type.scheduled_job_type.run_scheduled_jo..., site='dev.localhost', user='Administrator') (dev.localhost::scheduled_job::frappe.integrations.doctype.google_calendar.google_calendar.sync)
2025-05-13 14:38:31,628 workspaces-library_management-frappe-bench:default: Job OK (dev.localhost::scheduled_job::frappe.integrations.doctype.google_calendar.google_calendar.sync)
2025-05-13 14:38:31,628 Result is kept for 600 seconds
2025-05-13 14:38:31,635 workspaces-library_management-frappe-bench:default: frappe.utils.background_jobs.execute_job(event=None, is_async=True, job_name='frappe.core.doctype.scheduled_job_type.scheduled_job_type.run_scheduled_jo..., kwargs={'job_type': 'frappe.email.queue.flush'}, method='frappe.core.doctype.scheduled_job_type.scheduled_job_type.run_scheduled_jo..., site='dev.localhost', user='Administrator') (dev.localhost::scheduled_job::frappe.email.queue.flush)
2025-05-13 14:38:32,048 workspaces-library_management-frappe-bench:default: Job OK (dev.localhost::scheduled_job::frappe.email.queue.flush)
2025-05-13 14:38:32,048 Result is kept for 600 seconds
2025-05-13 14:40:30,888 workspaces-library_management-frappe-bench:default: frappe.utils.background_jobs.execute_job(event=None, is_async=True, job_name='frappe.core.doctype.scheduled_job_type.scheduled_job_type.run_scheduled_jo..., kwargs={'job_type': 'frappe.email.doctype.email_account.email_account.pull'}, method='frappe.core.doctype.scheduled_job_type.scheduled_job_type.run_scheduled_jo..., site='dev.localhost', user='Administrator') (dev.localhost::scheduled_job::frappe.email.doctype.email_account.email_account.pull)
2025-05-13 14:40:31,326 workspaces-library_management-frappe-bench:default: Job OK (dev.localhost::scheduled_job::frappe.email.doctype.email_account.email_account.pull)
2025-05-13 14:40:31,326 Result is kept for 600 seconds
2025-05-13 14:42:30,976 workspaces-library_management-frappe-bench:default: frappe.utils.background_jobs.execute_job(event=None, is_async=True, job_name='frappe.core.doctype.scheduled_job_type.scheduled_job_type.run_scheduled_jo..., kwargs={'job_type': 'frappe.monitor.flush'}, method='frappe.core.doctype.scheduled_job_type.scheduled_job_type.run_scheduled_jo..., site='dev.localhost', user='Administrator') (dev.localhost::scheduled_job::frappe.monitor.flush)
2025-05-13 14:42:31,324 workspaces-library_management-frappe-bench:default: Job OK (dev.localhost::scheduled_job::frappe.monitor.flush)
2025-05-13 14:42:31,324 Result is kept for 600 seconds
2025-05-13 14:42:31,331 workspaces-library_management-frappe-bench:default: frappe.utils.background_jobs.execute_job(event=None, is_async=True, job_name='frappe.core.doctype.scheduled_job_type.scheduled_job_type.run_scheduled_jo..., kwargs={'job_type': 'frappe.integrations.doctype.google_calendar.google_calendar.s..., method='frappe.core.doctype.scheduled_job_type.scheduled_job_type.run_scheduled_jo..., site='dev.localhost', user='Administrator') (dev.localhost::scheduled_job::frappe.integrations.doctype.google_calendar.google_calendar.sync)
2025-05-13 14:42:31,838 workspaces-library_management-frappe-bench:default: Job OK (dev.localhost::scheduled_job::frappe.integrations.doctype.google_calendar.google_calendar.sync)
2025-05-13 14:42:31,839 Result is kept for 600 seconds
2025-05-13 14:42:31,848 workspaces-library_management-frappe-bench:default: frappe.utils.background_jobs.execute_job(event=None, is_async=True, job_name='frappe.core.doctype.scheduled_job_type.scheduled_job_type.run_scheduled_jo..., kwargs={'job_type': 'frappe.email.queue.flush'}, method='frappe.core.doctype.scheduled_job_type.scheduled_job_type.run_scheduled_jo..., site='dev.localhost', user='Administrator') (dev.localhost::scheduled_job::frappe.email.queue.flush)
2025-05-13 14:42:32,302 workspaces-library_management-frappe-bench:default: Job OK (dev.localhost::scheduled_job::frappe.email.queue.flush)
2025-05-13 14:42:32,303 Result is kept for 600 seconds
2025-05-13 14:45:31,093 workspaces-library_management-frappe-bench:default: frappe.utils.background_jobs.execute_job(event=None, is_async=True, job_name='frappe.core.doctype.scheduled_job_type.scheduled_job_type.run_scheduled_jo..., kwargs={'job_type': 'frappe.email.doctype.email_account.email_account.notify_unrep..., method='frappe.core.doctype.scheduled_job_type.scheduled_job_type.run_scheduled_jo..., site='dev.localhost', user='Administrator') (dev.localhost::scheduled_job::frappe.email.doctype.email_account.email_account.notify_unreplied)
2025-05-13 14:45:31,496 workspaces-library_management-frappe-bench:default: Job OK (dev.localhost::scheduled_job::frappe.email.doctype.email_account.email_account.notify_unreplied)
2025-05-13 14:45:31,496 Result is kept for 600 seconds
2025-05-13 14:45:31,504 workspaces-library_management-frappe-bench:default: frappe.utils.background_jobs.execute_job(event=None, is_async=True, job_name='frappe.core.doctype.scheduled_job_type.scheduled_job_type.run_scheduled_jo..., kwargs={'job_type': 'frappe.twofactor.delete_all_barcodes_for_users'}, method='frappe.core.doctype.scheduled_job_type.scheduled_job_type.run_scheduled_jo..., site='dev.localhost', user='Administrator') (dev.localhost::scheduled_job::frappe.twofactor.delete_all_barcodes_for_users)
2025-05-13 14:45:31,842 workspaces-library_management-frappe-bench:default: Job OK (dev.localhost::scheduled_job::frappe.twofactor.delete_all_barcodes_for_users)
2025-05-13 14:45:31,842 Result is kept for 600 seconds
2025-05-13 14:45:31,850 workspaces-library_management-frappe-bench:default: frappe.utils.background_jobs.execute_job(event=None, is_async=True, job_name='frappe.core.doctype.scheduled_job_type.scheduled_job_type.run_scheduled_jo..., kwargs={'job_type': 'frappe.utils.global_search.sync_global_search'}, method='frappe.core.doctype.scheduled_job_type.scheduled_job_type.run_scheduled_jo..., site='dev.localhost', user='Administrator') (dev.localhost::scheduled_job::frappe.utils.global_search.sync_global_search)
2025-05-13 14:45:32,218 workspaces-library_management-frappe-bench:default: Job OK (dev.localhost::scheduled_job::frappe.utils.global_search.sync_global_search)
2025-05-13 14:45:32,219 Result is kept for 600 seconds
2025-05-13 14:45:32,225 workspaces-library_management-frappe-bench:default: frappe.utils.background_jobs.execute_job(event=None, is_async=True, job_name='frappe.core.doctype.scheduled_job_type.scheduled_job_type.run_scheduled_jo..., kwargs={'job_type': 'frappe.oauth.delete_oauth2_data'}, method='frappe.core.doctype.scheduled_job_type.scheduled_job_type.run_scheduled_jo..., site='dev.localhost', user='Administrator') (dev.localhost::scheduled_job::frappe.oauth.delete_oauth2_data)
2025-05-13 14:45:32,553 workspaces-library_management-frappe-bench:default: Job OK (dev.localhost::scheduled_job::frappe.oauth.delete_oauth2_data)
2025-05-13 14:45:32,553 Result is kept for 600 seconds
2025-05-13 14:45:32,560 workspaces-library_management-frappe-bench:default: frappe.utils.background_jobs.execute_job(event=None, is_async=True, job_name='frappe.core.doctype.scheduled_job_type.scheduled_job_type.run_scheduled_jo..., kwargs={'job_type': 'frappe.website.doctype.web_page.web_page.check_publish_status..., method='frappe.core.doctype.scheduled_job_type.scheduled_job_type.run_scheduled_jo..., site='dev.localhost', user='Administrator') (dev.localhost::scheduled_job::frappe.website.doctype.web_page.web_page.check_publish_status)
2025-05-13 14:45:32,989 workspaces-library_management-frappe-bench:default: Job OK (dev.localhost::scheduled_job::frappe.website.doctype.web_page.web_page.check_publish_status)
2025-05-13 14:45:32,989 Result is kept for 600 seconds
2025-05-13 14:45:32,996 workspaces-library_management-frappe-bench:default: frappe.utils.background_jobs.execute_job(event=None, is_async=True, job_name='frappe.core.doctype.scheduled_job_type.scheduled_job_type.run_scheduled_jo..., kwargs={'job_type': 'frappe.deferred_insert.save_to_db'}, method='frappe.core.doctype.scheduled_job_type.scheduled_job_type.run_scheduled_jo..., site='dev.localhost', user='Administrator') (dev.localhost::scheduled_job::frappe.deferred_insert.save_to_db)
2025-05-13 14:45:33,422 workspaces-library_management-frappe-bench:default: Job OK (dev.localhost::scheduled_job::frappe.deferred_insert.save_to_db)
2025-05-13 14:45:33,423 Result is kept for 600 seconds
2025-05-13 14:45:33,430 workspaces-library_management-frappe-bench:default: frappe.utils.background_jobs.execute_job(event=None, is_async=True, job_name='frappe.core.doctype.scheduled_job_type.scheduled_job_type.run_scheduled_jo..., kwargs={'job_type': 'frappe.automation.doctype.reminder.reminder.send_reminders'}, method='frappe.core.doctype.scheduled_job_type.scheduled_job_type.run_scheduled_jo..., site='dev.localhost', user='Administrator') (dev.localhost::scheduled_job::frappe.automation.doctype.reminder.reminder.send_reminders)
2025-05-13 14:45:33,761 workspaces-library_management-frappe-bench:default: Job OK (dev.localhost::scheduled_job::frappe.automation.doctype.reminder.reminder.send_reminders)
2025-05-13 14:45:33,761 Result is kept for 600 seconds
2025-05-13 14:46:31,163 workspaces-library_management-frappe-bench:default: frappe.utils.background_jobs.execute_job(event=None, is_async=True, job_name='frappe.core.doctype.scheduled_job_type.scheduled_job_type.run_scheduled_jo..., kwargs={'job_type': 'frappe.integrations.doctype.google_calendar.google_calendar.s..., method='frappe.core.doctype.scheduled_job_type.scheduled_job_type.run_scheduled_jo..., site='dev.localhost', user='Administrator') (dev.localhost::scheduled_job::frappe.integrations.doctype.google_calendar.google_calendar.sync)
2025-05-13 14:46:31,618 workspaces-library_management-frappe-bench:default: Job OK (dev.localhost::scheduled_job::frappe.integrations.doctype.google_calendar.google_calendar.sync)
2025-05-13 14:46:31,618 Result is kept for 600 seconds
2025-05-13 14:46:31,626 workspaces-library_management-frappe-bench:default: frappe.utils.background_jobs.execute_job(event=None, is_async=True, job_name='frappe.core.doctype.scheduled_job_type.scheduled_job_type.run_scheduled_jo..., kwargs={'job_type': 'frappe.monitor.flush'}, method='frappe.core.doctype.scheduled_job_type.scheduled_job_type.run_scheduled_jo..., site='dev.localhost', user='Administrator') (dev.localhost::scheduled_job::frappe.monitor.flush)
2025-05-13 14:46:32,021 workspaces-library_management-frappe-bench:default: Job OK (dev.localhost::scheduled_job::frappe.monitor.flush)
2025-05-13 14:46:32,021 Result is kept for 600 seconds
2025-05-13 14:46:32,028 workspaces-library_management-frappe-bench:default: frappe.utils.background_jobs.execute_job(event=None, is_async=True, job_name='frappe.core.doctype.scheduled_job_type.scheduled_job_type.run_scheduled_jo..., kwargs={'job_type': 'frappe.email.queue.flush'}, method='frappe.core.doctype.scheduled_job_type.scheduled_job_type.run_scheduled_jo..., site='dev.localhost', user='Administrator') (dev.localhost::scheduled_job::frappe.email.queue.flush)
2025-05-13 14:46:32,454 workspaces-library_management-frappe-bench:default: Job OK (dev.localhost::scheduled_job::frappe.email.queue.flush)
2025-05-13 14:46:32,455 Result is kept for 600 seconds
2025-05-13 14:50:31,317 workspaces-library_management-frappe-bench:default: frappe.utils.background_jobs.execute_job(event=None, is_async=True, job_name='frappe.core.doctype.scheduled_job_type.scheduled_job_type.run_scheduled_jo..., kwargs={'job_type': 'frappe.email.doctype.email_account.email_account.pull'}, method='frappe.core.doctype.scheduled_job_type.scheduled_job_type.run_scheduled_jo..., site='dev.localhost', user='Administrator') (dev.localhost::scheduled_job::frappe.email.doctype.email_account.email_account.pull)
2025-05-13 14:50:31,670 workspaces-library_management-frappe-bench:default: Job OK (dev.localhost::scheduled_job::frappe.email.doctype.email_account.email_account.pull)
2025-05-13 14:50:31,670 Result is kept for 600 seconds
2025-05-13 14:50:31,677 workspaces-library_management-frappe-bench:default: frappe.utils.background_jobs.execute_job(event=None, is_async=True, job_name='frappe.core.doctype.scheduled_job_type.scheduled_job_type.run_scheduled_jo..., kwargs={'job_type': 'frappe.email.queue.flush'}, method='frappe.core.doctype.scheduled_job_type.scheduled_job_type.run_scheduled_jo..., site='dev.localhost', user='Administrator') (dev.localhost::scheduled_job::frappe.email.queue.flush)
2025-05-13 14:50:32,069 workspaces-library_management-frappe-bench:default: Job OK (dev.localhost::scheduled_job::frappe.email.queue.flush)
2025-05-13 14:50:32,069 Result is kept for 600 seconds
2025-05-13 14:50:32,077 workspaces-library_management-frappe-bench:default: frappe.utils.background_jobs.execute_job(event=None, is_async=True, job_name='frappe.core.doctype.scheduled_job_type.scheduled_job_type.run_scheduled_jo..., kwargs={'job_type': 'frappe.monitor.flush'}, method='frappe.core.doctype.scheduled_job_type.scheduled_job_type.run_scheduled_jo..., site='dev.localhost', user='Administrator') (dev.localhost::scheduled_job::frappe.monitor.flush)
2025-05-13 14:50:32,416 workspaces-library_management-frappe-bench:default: Job OK (dev.localhost::scheduled_job::frappe.monitor.flush)
2025-05-13 14:50:32,416 Result is kept for 600 seconds
2025-05-13 14:50:32,424 workspaces-library_management-frappe-bench:default: frappe.utils.background_jobs.execute_job(event=None, is_async=True, job_name='frappe.core.doctype.scheduled_job_type.scheduled_job_type.run_scheduled_jo..., kwargs={'job_type': 'frappe.integrations.doctype.google_calendar.google_calendar.s..., method='frappe.core.doctype.scheduled_job_type.scheduled_job_type.run_scheduled_jo..., site='dev.localhost', user='Administrator') (dev.localhost::scheduled_job::frappe.integrations.doctype.google_calendar.google_calendar.sync)
2025-05-13 14:50:32,875 workspaces-library_management-frappe-bench:default: Job OK (dev.localhost::scheduled_job::frappe.integrations.doctype.google_calendar.google_calendar.sync)
2025-05-13 14:50:32,876 Result is kept for 600 seconds
2025-05-13 14:54:31,470 workspaces-library_management-frappe-bench:default: frappe.utils.background_jobs.execute_job(event=None, is_async=True, job_name='frappe.core.doctype.scheduled_job_type.scheduled_job_type.run_scheduled_jo..., kwargs={'job_type': 'frappe.integrations.doctype.google_calendar.google_calendar.s..., method='frappe.core.doctype.scheduled_job_type.scheduled_job_type.run_scheduled_jo..., site='dev.localhost', user='Administrator') (dev.localhost::scheduled_job::frappe.integrations.doctype.google_calendar.google_calendar.sync)
2025-05-13 14:54:31,978 workspaces-library_management-frappe-bench:default: Job OK (dev.localhost::scheduled_job::frappe.integrations.doctype.google_calendar.google_calendar.sync)
2025-05-13 14:54:31,978 Result is kept for 600 seconds
2025-05-13 14:54:31,986 workspaces-library_management-frappe-bench:default: frappe.utils.background_jobs.execute_job(event=None, is_async=True, job_name='frappe.core.doctype.scheduled_job_type.scheduled_job_type.run_scheduled_jo..., kwargs={'job_type': 'frappe.monitor.flush'}, method='frappe.core.doctype.scheduled_job_type.scheduled_job_type.run_scheduled_jo..., site='dev.localhost', user='Administrator') (dev.localhost::scheduled_job::frappe.monitor.flush)
2025-05-13 14:54:32,314 workspaces-library_management-frappe-bench:default: Job OK (dev.localhost::scheduled_job::frappe.monitor.flush)
2025-05-13 14:54:32,314 Result is kept for 600 seconds
2025-05-13 14:54:32,320 workspaces-library_management-frappe-bench:default: frappe.utils.background_jobs.execute_job(event=None, is_async=True, job_name='frappe.core.doctype.scheduled_job_type.scheduled_job_type.run_scheduled_jo..., kwargs={'job_type': 'frappe.email.queue.flush'}, method='frappe.core.doctype.scheduled_job_type.scheduled_job_type.run_scheduled_jo..., site='dev.localhost', user='Administrator') (dev.localhost::scheduled_job::frappe.email.queue.flush)
2025-05-13 14:54:32,732 workspaces-library_management-frappe-bench:default: Job OK (dev.localhost::scheduled_job::frappe.email.queue.flush)
2025-05-13 14:54:32,732 Result is kept for 600 seconds
2025-05-13 14:58:31,678 workspaces-library_management-frappe-bench:default: frappe.utils.background_jobs.execute_job(event=None, is_async=True, job_name='frappe.core.doctype.scheduled_job_type.scheduled_job_type.run_scheduled_jo..., kwargs={'job_type': 'frappe.email.queue.flush'}, method='frappe.core.doctype.scheduled_job_type.scheduled_job_type.run_scheduled_jo..., site='dev.localhost', user='Administrator') (dev.localhost::scheduled_job::frappe.email.queue.flush)
2025-05-13 14:58:32,151 workspaces-library_management-frappe-bench:default: Job OK (dev.localhost::scheduled_job::frappe.email.queue.flush)
2025-05-13 14:58:32,151 Result is kept for 600 seconds
2025-05-13 14:58:32,158 Cleaning registries for queue: workspaces-library_management-frappe-bench:short
2025-05-13 14:58:32,159 Cleaning registries for queue: workspaces-library_management-frappe-bench:default
2025-05-13 14:58:32,160 Cleaning registries for queue: workspaces-library_management-frappe-bench:long
2025-05-13 14:58:32,162 workspaces-library_management-frappe-bench:default: frappe.utils.background_jobs.execute_job(event=None, is_async=True, job_name='frappe.core.doctype.scheduled_job_type.scheduled_job_type.run_scheduled_jo..., kwargs={'job_type': 'frappe.monitor.flush'}, method='frappe.core.doctype.scheduled_job_type.scheduled_job_type.run_scheduled_jo..., site='dev.localhost', user='Administrator') (dev.localhost::scheduled_job::frappe.monitor.flush)
2025-05-13 14:58:32,464 workspaces-library_management-frappe-bench:default: Job OK (dev.localhost::scheduled_job::frappe.monitor.flush)
2025-05-13 14:58:32,464 Result is kept for 600 seconds
2025-05-13 14:58:32,471 workspaces-library_management-frappe-bench:default: frappe.utils.background_jobs.execute_job(event=None, is_async=True, job_name='frappe.core.doctype.scheduled_job_type.scheduled_job_type.run_scheduled_jo..., kwargs={'job_type': 'frappe.integrations.doctype.google_calendar.google_calendar.s..., method='frappe.core.doctype.scheduled_job_type.scheduled_job_type.run_scheduled_jo..., site='dev.localhost', user='Administrator') (dev.localhost::scheduled_job::frappe.integrations.doctype.google_calendar.google_calendar.sync)
2025-05-13 14:58:32,955 workspaces-library_management-frappe-bench:default: Job OK (dev.localhost::scheduled_job::frappe.integrations.doctype.google_calendar.google_calendar.sync)
2025-05-13 14:58:32,955 Result is kept for 600 seconds
2025-05-13 15:00:31,743 workspaces-library_management-frappe-bench:default: frappe.utils.background_jobs.execute_job(event=None, is_async=True, job_name='frappe.core.doctype.scheduled_job_type.scheduled_job_type.run_scheduled_jo..., kwargs={'job_type': 'frappe.email.doctype.email_account.email_account.notify_unrep..., method='frappe.core.doctype.scheduled_job_type.scheduled_job_type.run_scheduled_jo..., site='dev.localhost', user='Administrator') (dev.localhost::scheduled_job::frappe.email.doctype.email_account.email_account.notify_unreplied)
2025-05-13 15:00:32,121 workspaces-library_management-frappe-bench:default: Job OK (dev.localhost::scheduled_job::frappe.email.doctype.email_account.email_account.notify_unreplied)
2025-05-13 15:00:32,121 Result is kept for 600 seconds
2025-05-13 15:00:32,128 workspaces-library_management-frappe-bench:default: frappe.utils.background_jobs.execute_job(event=None, is_async=True, job_name='frappe.core.doctype.scheduled_job_type.scheduled_job_type.run_scheduled_jo..., kwargs={'job_type': 'frappe.deferred_insert.save_to_db'}, method='frappe.core.doctype.scheduled_job_type.scheduled_job_type.run_scheduled_jo..., site='dev.localhost', user='Administrator') (dev.localhost::scheduled_job::frappe.deferred_insert.save_to_db)
2025-05-13 15:00:32,442 workspaces-library_management-frappe-bench:default: Job OK (dev.localhost::scheduled_job::frappe.deferred_insert.save_to_db)
2025-05-13 15:00:32,442 Result is kept for 600 seconds
2025-05-13 15:00:32,449 workspaces-library_management-frappe-bench:default: frappe.utils.background_jobs.execute_job(event=None, is_async=True, job_name='frappe.core.doctype.scheduled_job_type.scheduled_job_type.run_scheduled_jo..., kwargs={'job_type': 'frappe.core.doctype.prepared_report.prepared_report.expire_st..., method='frappe.core.doctype.scheduled_job_type.scheduled_job_type.run_scheduled_jo..., site='dev.localhost', user='Administrator') (dev.localhost::scheduled_job::frappe.core.doctype.prepared_report.prepared_report.expire_stalled_report)
2025-05-13 15:00:32,833 workspaces-library_management-frappe-bench:default: Job OK (dev.localhost::scheduled_job::frappe.core.doctype.prepared_report.prepared_report.expire_stalled_report)
2025-05-13 15:00:32,834 Result is kept for 600 seconds
2025-05-13 15:00:32,840 workspaces-library_management-frappe-bench:default: frappe.utils.background_jobs.execute_job(event=None, is_async=True, job_name='frappe.core.doctype.scheduled_job_type.scheduled_job_type.run_scheduled_jo..., kwargs={'job_type': 'frappe.utils.global_search.sync_global_search'}, method='frappe.core.doctype.scheduled_job_type.scheduled_job_type.run_scheduled_jo..., site='dev.localhost', user='Administrator') (dev.localhost::scheduled_job::frappe.utils.global_search.sync_global_search)
2025-05-13 15:00:33,219 workspaces-library_management-frappe-bench:default: Job OK (dev.localhost::scheduled_job::frappe.utils.global_search.sync_global_search)
2025-05-13 15:00:33,219 Result is kept for 600 seconds
2025-05-13 15:00:33,236 workspaces-library_management-frappe-bench:default: frappe.utils.background_jobs.execute_job(event=None, is_async=True, job_name='frappe.core.doctype.scheduled_job_type.scheduled_job_type.run_scheduled_jo..., kwargs={'job_type': 'frappe.website.doctype.web_page.web_page.check_publish_status..., method='frappe.core.doctype.scheduled_job_type.scheduled_job_type.run_scheduled_jo..., site='dev.localhost', user='Administrator') (dev.localhost::scheduled_job::frappe.website.doctype.web_page.web_page.check_publish_status)
2025-05-13 15:00:33,643 workspaces-library_management-frappe-bench:default: Job OK (dev.localhost::scheduled_job::frappe.website.doctype.web_page.web_page.check_publish_status)
2025-05-13 15:00:33,644 Result is kept for 600 seconds
2025-05-13 15:00:33,650 workspaces-library_management-frappe-bench:default: frappe.utils.background_jobs.execute_job(event=None, is_async=True, job_name='frappe.core.doctype.scheduled_job_type.scheduled_job_type.run_scheduled_jo..., kwargs={'job_type': 'frappe.oauth.delete_oauth2_data'}, method='frappe.core.doctype.scheduled_job_type.scheduled_job_type.run_scheduled_jo..., site='dev.localhost', user='Administrator') (dev.localhost::scheduled_job::frappe.oauth.delete_oauth2_data)
2025-05-13 15:00:34,056 workspaces-library_management-frappe-bench:default: Job OK (dev.localhost::scheduled_job::frappe.oauth.delete_oauth2_data)
2025-05-13 15:00:34,056 Result is kept for 600 seconds
2025-05-13 15:00:34,063 workspaces-library_management-frappe-bench:default: frappe.utils.background_jobs.execute_job(event=None, is_async=True, job_name='frappe.core.doctype.scheduled_job_type.scheduled_job_type.run_scheduled_jo..., kwargs={'job_type': 'frappe.automation.doctype.reminder.reminder.send_reminders'}, method='frappe.core.doctype.scheduled_job_type.scheduled_job_type.run_scheduled_jo..., site='dev.localhost', user='Administrator') (dev.localhost::scheduled_job::frappe.automation.doctype.reminder.reminder.send_reminders)
2025-05-13 15:00:34,431 workspaces-library_management-frappe-bench:default: Job OK (dev.localhost::scheduled_job::frappe.automation.doctype.reminder.reminder.send_reminders)
2025-05-13 15:00:34,431 Result is kept for 600 seconds
2025-05-13 15:00:34,438 workspaces-library_management-frappe-bench:default: frappe.utils.background_jobs.execute_job(event=None, is_async=True, job_name='frappe.core.doctype.scheduled_job_type.scheduled_job_type.run_scheduled_jo..., kwargs={'job_type': 'frappe.twofactor.delete_all_barcodes_for_users'}, method='frappe.core.doctype.scheduled_job_type.scheduled_job_type.run_scheduled_jo..., site='dev.localhost', user='Administrator') (dev.localhost::scheduled_job::frappe.twofactor.delete_all_barcodes_for_users)
2025-05-13 15:00:34,763 workspaces-library_management-frappe-bench:default: Job OK (dev.localhost::scheduled_job::frappe.twofactor.delete_all_barcodes_for_users)
2025-05-13 15:00:34,763 Result is kept for 600 seconds
2025-05-13 15:00:34,770 workspaces-library_management-frappe-bench:default: frappe.utils.background_jobs.execute_job(event=None, is_async=True, job_name='frappe.core.doctype.scheduled_job_type.scheduled_job_type.run_scheduled_jo..., kwargs={'job_type': 'frappe.email.doctype.email_account.email_account.pull'}, method='frappe.core.doctype.scheduled_job_type.scheduled_job_type.run_scheduled_jo..., site='dev.localhost', user='Administrator') (dev.localhost::scheduled_job::frappe.email.doctype.email_account.email_account.pull)
2025-05-13 15:00:35,264 workspaces-library_management-frappe-bench:default: Job OK (dev.localhost::scheduled_job::frappe.email.doctype.email_account.email_account.pull)
2025-05-13 15:00:35,264 Result is kept for 600 seconds
2025-05-13 15:02:31,875 workspaces-library_management-frappe-bench:default: frappe.utils.background_jobs.execute_job(event=None, is_async=True, job_name='frappe.core.doctype.scheduled_job_type.scheduled_job_type.run_scheduled_jo..., kwargs={'job_type': 'frappe.email.queue.flush'}, method='frappe.core.doctype.scheduled_job_type.scheduled_job_type.run_scheduled_jo..., site='dev.localhost', user='Administrator') (dev.localhost::scheduled_job::frappe.email.queue.flush)
2025-05-13 15:02:32,287 workspaces-library_management-frappe-bench:default: Job OK (dev.localhost::scheduled_job::frappe.email.queue.flush)
2025-05-13 15:02:32,288 Result is kept for 600 seconds
2025-05-13 15:02:32,295 workspaces-library_management-frappe-bench:default: frappe.utils.background_jobs.execute_job(event=None, is_async=True, job_name='frappe.core.doctype.scheduled_job_type.scheduled_job_type.run_scheduled_jo..., kwargs={'job_type': 'frappe.monitor.flush'}, method='frappe.core.doctype.scheduled_job_type.scheduled_job_type.run_scheduled_jo..., site='dev.localhost', user='Administrator') (dev.localhost::scheduled_job::frappe.monitor.flush)
2025-05-13 15:02:32,599 workspaces-library_management-frappe-bench:default: Job OK (dev.localhost::scheduled_job::frappe.monitor.flush)
2025-05-13 15:02:32,600 Result is kept for 600 seconds
2025-05-13 15:02:32,606 workspaces-library_management-frappe-bench:default: frappe.utils.background_jobs.execute_job(event=None, is_async=True, job_name='frappe.core.doctype.scheduled_job_type.scheduled_job_type.run_scheduled_jo..., kwargs={'job_type': 'frappe.integrations.doctype.google_calendar.google_calendar.s..., method='frappe.core.doctype.scheduled_job_type.scheduled_job_type.run_scheduled_jo..., site='dev.localhost', user='Administrator') (dev.localhost::scheduled_job::frappe.integrations.doctype.google_calendar.google_calendar.sync)
2025-05-13 15:02:33,088 workspaces-library_management-frappe-bench:default: Job OK (dev.localhost::scheduled_job::frappe.integrations.doctype.google_calendar.google_calendar.sync)
2025-05-13 15:02:33,088 Result is kept for 600 seconds
2025-05-13 15:06:32,034 workspaces-library_management-frappe-bench:default: frappe.utils.background_jobs.execute_job(event=None, is_async=True, job_name='frappe.core.doctype.scheduled_job_type.scheduled_job_type.run_scheduled_jo..., kwargs={'job_type': 'frappe.integrations.doctype.google_calendar.google_calendar.s..., method='frappe.core.doctype.scheduled_job_type.scheduled_job_type.run_scheduled_jo..., site='dev.localhost', user='Administrator') (dev.localhost::scheduled_job::frappe.integrations.doctype.google_calendar.google_calendar.sync)
2025-05-13 15:06:32,528 workspaces-library_management-frappe-bench:default: Job OK (dev.localhost::scheduled_job::frappe.integrations.doctype.google_calendar.google_calendar.sync)
2025-05-13 15:06:32,528 Result is kept for 600 seconds
2025-05-13 15:06:32,535 workspaces-library_management-frappe-bench:default: frappe.utils.background_jobs.execute_job(event=None, is_async=True, job_name='frappe.core.doctype.scheduled_job_type.scheduled_job_type.run_scheduled_jo..., kwargs={'job_type': 'frappe.email.queue.flush'}, method='frappe.core.doctype.scheduled_job_type.scheduled_job_type.run_scheduled_jo..., site='dev.localhost', user='Administrator') (dev.localhost::scheduled_job::frappe.email.queue.flush)
2025-05-13 15:06:32,920 workspaces-library_management-frappe-bench:default: Job OK (dev.localhost::scheduled_job::frappe.email.queue.flush)
2025-05-13 15:06:32,921 Result is kept for 600 seconds
2025-05-13 15:06:32,928 workspaces-library_management-frappe-bench:default: frappe.utils.background_jobs.execute_job(event=None, is_async=True, job_name='frappe.core.doctype.scheduled_job_type.scheduled_job_type.run_scheduled_jo..., kwargs={'job_type': 'frappe.monitor.flush'}, method='frappe.core.doctype.scheduled_job_type.scheduled_job_type.run_scheduled_jo..., site='dev.localhost', user='Administrator') (dev.localhost::scheduled_job::frappe.monitor.flush)
2025-05-13 15:06:33,279 workspaces-library_management-frappe-bench:default: Job OK (dev.localhost::scheduled_job::frappe.monitor.flush)
2025-05-13 15:06:33,279 Result is kept for 600 seconds
2025-05-13 15:10:32,173 workspaces-library_management-frappe-bench:default: frappe.utils.background_jobs.execute_job(event=None, is_async=True, job_name='frappe.core.doctype.scheduled_job_type.scheduled_job_type.run_scheduled_jo..., kwargs={'job_type': 'frappe.integrations.doctype.google_calendar.google_calendar.s..., method='frappe.core.doctype.scheduled_job_type.scheduled_job_type.run_scheduled_jo..., site='dev.localhost', user='Administrator') (dev.localhost::scheduled_job::frappe.integrations.doctype.google_calendar.google_calendar.sync)
2025-05-13 15:10:32,631 workspaces-library_management-frappe-bench:default: Job OK (dev.localhost::scheduled_job::frappe.integrations.doctype.google_calendar.google_calendar.sync)
2025-05-13 15:10:32,631 Result is kept for 600 seconds
2025-05-13 15:10:32,639 workspaces-library_management-frappe-bench:default: frappe.utils.background_jobs.execute_job(event=None, is_async=True, job_name='frappe.core.doctype.scheduled_job_type.scheduled_job_type.run_scheduled_jo..., kwargs={'job_type': 'frappe.email.doctype.email_account.email_account.pull'}, method='frappe.core.doctype.scheduled_job_type.scheduled_job_type.run_scheduled_jo..., site='dev.localhost', user='Administrator') (dev.localhost::scheduled_job::frappe.email.doctype.email_account.email_account.pull)
2025-05-13 15:10:32,989 workspaces-library_management-frappe-bench:default: Job OK (dev.localhost::scheduled_job::frappe.email.doctype.email_account.email_account.pull)
2025-05-13 15:10:32,990 Result is kept for 600 seconds
2025-05-13 15:10:32,997 workspaces-library_management-frappe-bench:default: frappe.utils.background_jobs.execute_job(event=None, is_async=True, job_name='frappe.core.doctype.scheduled_job_type.scheduled_job_type.run_scheduled_jo..., kwargs={'job_type': 'frappe.monitor.flush'}, method='frappe.core.doctype.scheduled_job_type.scheduled_job_type.run_scheduled_jo..., site='dev.localhost', user='Administrator') (dev.localhost::scheduled_job::frappe.monitor.flush)
2025-05-13 15:10:33,330 workspaces-library_management-frappe-bench:default: Job OK (dev.localhost::scheduled_job::frappe.monitor.flush)
2025-05-13 15:10:33,330 Result is kept for 600 seconds
2025-05-13 15:10:33,337 workspaces-library_management-frappe-bench:default: frappe.utils.background_jobs.execute_job(event=None, is_async=True, job_name='frappe.core.doctype.scheduled_job_type.scheduled_job_type.run_scheduled_jo..., kwargs={'job_type': 'frappe.email.queue.flush'}, method='frappe.core.doctype.scheduled_job_type.scheduled_job_type.run_scheduled_jo..., site='dev.localhost', user='Administrator') (dev.localhost::scheduled_job::frappe.email.queue.flush)
2025-05-13 15:10:33,735 workspaces-library_management-frappe-bench:default: Job OK (dev.localhost::scheduled_job::frappe.email.queue.flush)
2025-05-13 15:10:33,736 Result is kept for 600 seconds
2025-05-13 15:14:32,327 workspaces-library_management-frappe-bench:default: frappe.utils.background_jobs.execute_job(event=None, is_async=True, job_name='frappe.core.doctype.scheduled_job_type.scheduled_job_type.run_scheduled_jo..., kwargs={'job_type': 'frappe.integrations.doctype.google_calendar.google_calendar.s..., method='frappe.core.doctype.scheduled_job_type.scheduled_job_type.run_scheduled_jo..., site='dev.localhost', user='Administrator') (dev.localhost::scheduled_job::frappe.integrations.doctype.google_calendar.google_calendar.sync)
2025-05-13 15:14:32,849 workspaces-library_management-frappe-bench:default: Job OK (dev.localhost::scheduled_job::frappe.integrations.doctype.google_calendar.google_calendar.sync)
2025-05-13 15:14:32,850 Result is kept for 600 seconds
2025-05-13 15:14:32,859 workspaces-library_management-frappe-bench:default: frappe.utils.background_jobs.execute_job(event=None, is_async=True, job_name='frappe.core.doctype.scheduled_job_type.scheduled_job_type.run_scheduled_jo..., kwargs={'job_type': 'frappe.email.queue.flush'}, method='frappe.core.doctype.scheduled_job_type.scheduled_job_type.run_scheduled_jo..., site='dev.localhost', user='Administrator') (dev.localhost::scheduled_job::frappe.email.queue.flush)
2025-05-13 15:14:33,378 workspaces-library_management-frappe-bench:default: Job OK (dev.localhost::scheduled_job::frappe.email.queue.flush)
2025-05-13 15:14:33,379 Result is kept for 600 seconds
2025-05-13 15:14:33,395 workspaces-library_management-frappe-bench:default: frappe.utils.background_jobs.execute_job(event=None, is_async=True, job_name='frappe.core.doctype.scheduled_job_type.scheduled_job_type.run_scheduled_jo..., kwargs={'job_type': 'frappe.monitor.flush'}, method='frappe.core.doctype.scheduled_job_type.scheduled_job_type.run_scheduled_jo..., site='dev.localhost', user='Administrator') (dev.localhost::scheduled_job::frappe.monitor.flush)
2025-05-13 15:14:33,711 workspaces-library_management-frappe-bench:default: Job OK (dev.localhost::scheduled_job::frappe.monitor.flush)
2025-05-13 15:14:33,711 Result is kept for 600 seconds
2025-05-13 15:15:32,390 workspaces-library_management-frappe-bench:default: frappe.utils.background_jobs.execute_job(event=None, is_async=True, job_name='frappe.core.doctype.scheduled_job_type.scheduled_job_type.run_scheduled_jo..., kwargs={'job_type': 'frappe.twofactor.delete_all_barcodes_for_users'}, method='frappe.core.doctype.scheduled_job_type.scheduled_job_type.run_scheduled_jo..., site='dev.localhost', user='Administrator') (dev.localhost::scheduled_job::frappe.twofactor.delete_all_barcodes_for_users)
2025-05-13 15:15:32,825 workspaces-library_management-frappe-bench:default: Job OK (dev.localhost::scheduled_job::frappe.twofactor.delete_all_barcodes_for_users)
2025-05-13 15:15:32,826 Result is kept for 600 seconds
2025-05-13 15:15:32,836 workspaces-library_management-frappe-bench:default: frappe.utils.background_jobs.execute_job(event=None, is_async=True, job_name='frappe.core.doctype.scheduled_job_type.scheduled_job_type.run_scheduled_jo..., kwargs={'job_type': 'frappe.deferred_insert.save_to_db'}, method='frappe.core.doctype.scheduled_job_type.scheduled_job_type.run_scheduled_jo..., site='dev.localhost', user='Administrator') (dev.localhost::scheduled_job::frappe.deferred_insert.save_to_db)
2025-05-13 15:15:33,179 workspaces-library_management-frappe-bench:default: Job OK (dev.localhost::scheduled_job::frappe.deferred_insert.save_to_db)
2025-05-13 15:15:33,179 Result is kept for 600 seconds
2025-05-13 15:15:33,185 workspaces-library_management-frappe-bench:default: frappe.utils.background_jobs.execute_job(event=None, is_async=True, job_name='frappe.core.doctype.scheduled_job_type.scheduled_job_type.run_scheduled_jo..., kwargs={'job_type': 'frappe.oauth.delete_oauth2_data'}, method='frappe.core.doctype.scheduled_job_type.scheduled_job_type.run_scheduled_jo..., site='dev.localhost', user='Administrator') (dev.localhost::scheduled_job::frappe.oauth.delete_oauth2_data)
2025-05-13 15:15:33,585 workspaces-library_management-frappe-bench:default: Job OK (dev.localhost::scheduled_job::frappe.oauth.delete_oauth2_data)
2025-05-13 15:15:33,585 Result is kept for 600 seconds
2025-05-13 15:15:33,592 workspaces-library_management-frappe-bench:default: frappe.utils.background_jobs.execute_job(event=None, is_async=True, job_name='frappe.core.doctype.scheduled_job_type.scheduled_job_type.run_scheduled_jo..., kwargs={'job_type': 'frappe.automation.doctype.reminder.reminder.send_reminders'}, method='frappe.core.doctype.scheduled_job_type.scheduled_job_type.run_scheduled_jo..., site='dev.localhost', user='Administrator') (dev.localhost::scheduled_job::frappe.automation.doctype.reminder.reminder.send_reminders)
2025-05-13 15:15:33,953 workspaces-library_management-frappe-bench:default: Job OK (dev.localhost::scheduled_job::frappe.automation.doctype.reminder.reminder.send_reminders)
2025-05-13 15:15:33,953 Result is kept for 600 seconds
2025-05-13 15:15:33,959 workspaces-library_management-frappe-bench:default: frappe.utils.background_jobs.execute_job(event=None, is_async=True, job_name='frappe.core.doctype.scheduled_job_type.scheduled_job_type.run_scheduled_jo..., kwargs={'job_type': 'frappe.utils.global_search.sync_global_search'}, method='frappe.core.doctype.scheduled_job_type.scheduled_job_type.run_scheduled_jo..., site='dev.localhost', user='Administrator') (dev.localhost::scheduled_job::frappe.utils.global_search.sync_global_search)
2025-05-13 15:15:34,272 workspaces-library_management-frappe-bench:default: Job OK (dev.localhost::scheduled_job::frappe.utils.global_search.sync_global_search)
2025-05-13 15:15:34,272 Result is kept for 600 seconds
2025-05-13 15:15:34,279 workspaces-library_management-frappe-bench:default: frappe.utils.background_jobs.execute_job(event=None, is_async=True, job_name='frappe.core.doctype.scheduled_job_type.scheduled_job_type.run_scheduled_jo..., kwargs={'job_type': 'frappe.website.doctype.web_page.web_page.check_publish_status..., method='frappe.core.doctype.scheduled_job_type.scheduled_job_type.run_scheduled_jo..., site='dev.localhost', user='Administrator') (dev.localhost::scheduled_job::frappe.website.doctype.web_page.web_page.check_publish_status)
2025-05-13 15:15:34,701 workspaces-library_management-frappe-bench:default: Job OK (dev.localhost::scheduled_job::frappe.website.doctype.web_page.web_page.check_publish_status)
2025-05-13 15:15:34,701 Result is kept for 600 seconds
2025-05-13 15:15:34,712 workspaces-library_management-frappe-bench:default: frappe.utils.background_jobs.execute_job(event=None, is_async=True, job_name='frappe.core.doctype.scheduled_job_type.scheduled_job_type.run_scheduled_jo..., kwargs={'job_type': 'frappe.email.doctype.email_account.email_account.notify_unrep..., method='frappe.core.doctype.scheduled_job_type.scheduled_job_type.run_scheduled_jo..., site='dev.localhost', user='Administrator') (dev.localhost::scheduled_job::frappe.email.doctype.email_account.email_account.notify_unreplied)
2025-05-13 15:15:35,054 workspaces-library_management-frappe-bench:default: Job OK (dev.localhost::scheduled_job::frappe.email.doctype.email_account.email_account.notify_unreplied)
2025-05-13 15:15:35,054 Result is kept for 600 seconds
2025-05-13 15:18:32,564 workspaces-library_management-frappe-bench:default: frappe.utils.background_jobs.execute_job(event=None, is_async=True, job_name='frappe.core.doctype.scheduled_job_type.scheduled_job_type.run_scheduled_jo..., kwargs={'job_type': 'frappe.email.queue.flush'}, method='frappe.core.doctype.scheduled_job_type.scheduled_job_type.run_scheduled_jo..., site='dev.localhost', user='Administrator') (dev.localhost::scheduled_job::frappe.email.queue.flush)
2025-05-13 15:18:32,996 workspaces-library_management-frappe-bench:default: Job OK (dev.localhost::scheduled_job::frappe.email.queue.flush)
2025-05-13 15:18:32,997 Result is kept for 600 seconds
2025-05-13 15:18:33,019 workspaces-library_management-frappe-bench:default: frappe.utils.background_jobs.execute_job(event=None, is_async=True, job_name='frappe.core.doctype.scheduled_job_type.scheduled_job_type.run_scheduled_jo..., kwargs={'job_type': 'frappe.monitor.flush'}, method='frappe.core.doctype.scheduled_job_type.scheduled_job_type.run_scheduled_jo..., site='dev.localhost', user='Administrator') (dev.localhost::scheduled_job::frappe.monitor.flush)
2025-05-13 15:18:33,332 workspaces-library_management-frappe-bench:default: Job OK (dev.localhost::scheduled_job::frappe.monitor.flush)
2025-05-13 15:18:33,333 Result is kept for 600 seconds
2025-05-13 15:18:33,339 workspaces-library_management-frappe-bench:default: frappe.utils.background_jobs.execute_job(event=None, is_async=True, job_name='frappe.core.doctype.scheduled_job_type.scheduled_job_type.run_scheduled_jo..., kwargs={'job_type': 'frappe.integrations.doctype.google_calendar.google_calendar.s..., method='frappe.core.doctype.scheduled_job_type.scheduled_job_type.run_scheduled_jo..., site='dev.localhost', user='Administrator') (dev.localhost::scheduled_job::frappe.integrations.doctype.google_calendar.google_calendar.sync)
2025-05-13 15:18:33,831 workspaces-library_management-frappe-bench:default: Job OK (dev.localhost::scheduled_job::frappe.integrations.doctype.google_calendar.google_calendar.sync)
2025-05-13 15:18:33,831 Result is kept for 600 seconds
2025-05-13 15:20:32,658 workspaces-library_management-frappe-bench:default: frappe.utils.background_jobs.execute_job(event=None, is_async=True, job_name='frappe.core.doctype.scheduled_job_type.scheduled_job_type.run_scheduled_jo..., kwargs={'job_type': 'frappe.email.doctype.email_account.email_account.pull'}, method='frappe.core.doctype.scheduled_job_type.scheduled_job_type.run_scheduled_jo..., site='dev.localhost', user='Administrator') (dev.localhost::scheduled_job::frappe.email.doctype.email_account.email_account.pull)
2025-05-13 15:20:33,011 workspaces-library_management-frappe-bench:default: Job OK (dev.localhost::scheduled_job::frappe.email.doctype.email_account.email_account.pull)
2025-05-13 15:20:33,011 Result is kept for 600 seconds
2025-05-13 15:20:33,016 Cleaning registries for queue: workspaces-library_management-frappe-bench:short
2025-05-13 15:20:33,018 Cleaning registries for queue: workspaces-library_management-frappe-bench:default
2025-05-13 15:20:33,019 Cleaning registries for queue: workspaces-library_management-frappe-bench:long
2025-05-13 15:22:32,725 workspaces-library_management-frappe-bench:default: frappe.utils.background_jobs.execute_job(event=None, is_async=True, job_name='frappe.core.doctype.scheduled_job_type.scheduled_job_type.run_scheduled_jo..., kwargs={'job_type': 'frappe.monitor.flush'}, method='frappe.core.doctype.scheduled_job_type.scheduled_job_type.run_scheduled_jo..., site='dev.localhost', user='Administrator') (dev.localhost::scheduled_job::frappe.monitor.flush)
2025-05-13 15:22:33,168 workspaces-library_management-frappe-bench:default: Job OK (dev.localhost::scheduled_job::frappe.monitor.flush)
2025-05-13 15:22:33,168 Result is kept for 600 seconds
2025-05-13 15:22:33,175 workspaces-library_management-frappe-bench:default: frappe.utils.background_jobs.execute_job(event=None, is_async=True, job_name='frappe.core.doctype.scheduled_job_type.scheduled_job_type.run_scheduled_jo..., kwargs={'job_type': 'frappe.email.queue.flush'}, method='frappe.core.doctype.scheduled_job_type.scheduled_job_type.run_scheduled_jo..., site='dev.localhost', user='Administrator') (dev.localhost::scheduled_job::frappe.email.queue.flush)
2025-05-13 15:22:33,586 workspaces-library_management-frappe-bench:default: Job OK (dev.localhost::scheduled_job::frappe.email.queue.flush)
2025-05-13 15:22:33,586 Result is kept for 600 seconds
2025-05-13 15:22:33,594 workspaces-library_management-frappe-bench:default: frappe.utils.background_jobs.execute_job(event=None, is_async=True, job_name='frappe.core.doctype.scheduled_job_type.scheduled_job_type.run_scheduled_jo..., kwargs={'job_type': 'frappe.integrations.doctype.google_calendar.google_calendar.s..., method='frappe.core.doctype.scheduled_job_type.scheduled_job_type.run_scheduled_jo..., site='dev.localhost', user='Administrator') (dev.localhost::scheduled_job::frappe.integrations.doctype.google_calendar.google_calendar.sync)
2025-05-13 15:22:34,079 workspaces-library_management-frappe-bench:default: Job OK (dev.localhost::scheduled_job::frappe.integrations.doctype.google_calendar.google_calendar.sync)
2025-05-13 15:22:34,079 Result is kept for 600 seconds
2025-05-13 15:26:32,967 workspaces-library_management-frappe-bench:default: frappe.utils.background_jobs.execute_job(event=None, is_async=True, job_name='frappe.core.doctype.scheduled_job_type.scheduled_job_type.run_scheduled_jo..., kwargs={'job_type': 'frappe.monitor.flush'}, method='frappe.core.doctype.scheduled_job_type.scheduled_job_type.run_scheduled_jo..., site='dev.localhost', user='Administrator') (dev.localhost::scheduled_job::frappe.monitor.flush)
2025-05-13 15:26:33,332 workspaces-library_management-frappe-bench:default: Job OK (dev.localhost::scheduled_job::frappe.monitor.flush)
2025-05-13 15:26:33,332 Result is kept for 600 seconds
2025-05-13 15:26:33,339 workspaces-library_management-frappe-bench:default: frappe.utils.background_jobs.execute_job(event=None, is_async=True, job_name='frappe.core.doctype.scheduled_job_type.scheduled_job_type.run_scheduled_jo..., kwargs={'job_type': 'frappe.email.queue.flush'}, method='frappe.core.doctype.scheduled_job_type.scheduled_job_type.run_scheduled_jo..., site='dev.localhost', user='Administrator') (dev.localhost::scheduled_job::frappe.email.queue.flush)
2025-05-13 15:26:33,730 workspaces-library_management-frappe-bench:default: Job OK (dev.localhost::scheduled_job::frappe.email.queue.flush)
2025-05-13 15:26:33,731 Result is kept for 600 seconds
2025-05-13 15:26:33,737 workspaces-library_management-frappe-bench:default: frappe.utils.background_jobs.execute_job(event=None, is_async=True, job_name='frappe.core.doctype.scheduled_job_type.scheduled_job_type.run_scheduled_jo..., kwargs={'job_type': 'frappe.integrations.doctype.google_calendar.google_calendar.s..., method='frappe.core.doctype.scheduled_job_type.scheduled_job_type.run_scheduled_jo..., site='dev.localhost', user='Administrator') (dev.localhost::scheduled_job::frappe.integrations.doctype.google_calendar.google_calendar.sync)
2025-05-13 15:26:34,218 workspaces-library_management-frappe-bench:default: Job OK (dev.localhost::scheduled_job::frappe.integrations.doctype.google_calendar.google_calendar.sync)
2025-05-13 15:26:34,218 Result is kept for 600 seconds
2025-05-13 15:30:33,140 workspaces-library_management-frappe-bench:default: frappe.utils.background_jobs.execute_job(event=None, is_async=True, job_name='frappe.core.doctype.scheduled_job_type.scheduled_job_type.run_scheduled_jo..., kwargs={'job_type': 'frappe.deferred_insert.save_to_db'}, method='frappe.core.doctype.scheduled_job_type.scheduled_job_type.run_scheduled_jo..., site='dev.localhost', user='Administrator') (dev.localhost::scheduled_job::frappe.deferred_insert.save_to_db)
2025-05-13 15:30:33,514 workspaces-library_management-frappe-bench:default: Job OK (dev.localhost::scheduled_job::frappe.deferred_insert.save_to_db)
2025-05-13 15:30:33,514 Result is kept for 600 seconds
2025-05-13 15:30:33,521 workspaces-library_management-frappe-bench:default: frappe.utils.background_jobs.execute_job(event=None, is_async=True, job_name='frappe.core.doctype.scheduled_job_type.scheduled_job_type.run_scheduled_jo..., kwargs={'job_type': 'frappe.model.utils.user_settings.sync_user_settings'}, method='frappe.core.doctype.scheduled_job_type.scheduled_job_type.run_scheduled_jo..., site='dev.localhost', user='Administrator') (dev.localhost::scheduled_job::frappe.model.utils.user_settings.sync_user_settings)
2025-05-13 15:30:33,882 workspaces-library_management-frappe-bench:default: Job OK (dev.localhost::scheduled_job::frappe.model.utils.user_settings.sync_user_settings)
2025-05-13 15:30:33,883 Result is kept for 600 seconds
2025-05-13 15:30:33,892 workspaces-library_management-frappe-bench:default: frappe.utils.background_jobs.execute_job(event=None, is_async=True, job_name='frappe.core.doctype.scheduled_job_type.scheduled_job_type.run_scheduled_jo..., kwargs={'job_type': 'frappe.desk.page.backups.backups.delete_downloadable_backups'..., method='frappe.core.doctype.scheduled_job_type.scheduled_job_type.run_scheduled_jo..., site='dev.localhost', user='Administrator') (dev.localhost::scheduled_job::frappe.desk.page.backups.backups.delete_downloadable_backups)
2025-05-13 15:30:34,252 workspaces-library_management-frappe-bench:default: Job OK (dev.localhost::scheduled_job::frappe.desk.page.backups.backups.delete_downloadable_backups)
2025-05-13 15:30:34,253 Result is kept for 600 seconds
2025-05-13 15:30:34,259 workspaces-library_management-frappe-bench:default: frappe.utils.background_jobs.execute_job(event=None, is_async=True, job_name='frappe.core.doctype.scheduled_job_type.scheduled_job_type.run_scheduled_jo..., kwargs={'job_type': 'frappe.email.doctype.email_account.email_account.pull'}, method='frappe.core.doctype.scheduled_job_type.scheduled_job_type.run_scheduled_jo..., site='dev.localhost', user='Administrator') (dev.localhost::scheduled_job::frappe.email.doctype.email_account.email_account.pull)
2025-05-13 15:30:34,620 workspaces-library_management-frappe-bench:default: Job OK (dev.localhost::scheduled_job::frappe.email.doctype.email_account.email_account.pull)
2025-05-13 15:30:34,621 Result is kept for 600 seconds
2025-05-13 15:30:34,627 workspaces-library_management-frappe-bench:default: frappe.utils.background_jobs.execute_job(event=None, is_async=True, job_name='frappe.core.doctype.scheduled_job_type.scheduled_job_type.run_scheduled_jo..., kwargs={'job_type': 'frappe.twofactor.delete_all_barcodes_for_users'}, method='frappe.core.doctype.scheduled_job_type.scheduled_job_type.run_scheduled_jo..., site='dev.localhost', user='Administrator') (dev.localhost::scheduled_job::frappe.twofactor.delete_all_barcodes_for_users)
2025-05-13 15:30:34,962 workspaces-library_management-frappe-bench:default: Job OK (dev.localhost::scheduled_job::frappe.twofactor.delete_all_barcodes_for_users)
2025-05-13 15:30:34,962 Result is kept for 600 seconds
2025-05-13 15:30:34,969 workspaces-library_management-frappe-bench:default: frappe.utils.background_jobs.execute_job(event=None, is_async=True, job_name='frappe.core.doctype.scheduled_job_type.scheduled_job_type.run_scheduled_jo..., kwargs={'job_type': 'frappe.integrations.doctype.google_calendar.google_calendar.s..., method='frappe.core.doctype.scheduled_job_type.scheduled_job_type.run_scheduled_jo..., site='dev.localhost', user='Administrator') (dev.localhost::scheduled_job::frappe.integrations.doctype.google_calendar.google_calendar.sync)
2025-05-13 15:30:35,432 workspaces-library_management-frappe-bench:default: Job OK (dev.localhost::scheduled_job::frappe.integrations.doctype.google_calendar.google_calendar.sync)
2025-05-13 15:30:35,432 Result is kept for 600 seconds
2025-05-13 15:30:35,439 workspaces-library_management-frappe-bench:default: frappe.utils.background_jobs.execute_job(event=None, is_async=True, job_name='frappe.core.doctype.scheduled_job_type.scheduled_job_type.run_scheduled_jo..., kwargs={'job_type': 'frappe.model.utils.link_count.update_link_count'}, method='frappe.core.doctype.scheduled_job_type.scheduled_job_type.run_scheduled_jo..., site='dev.localhost', user='Administrator') (dev.localhost::scheduled_job::frappe.model.utils.link_count.update_link_count)
2025-05-13 15:30:35,750 workspaces-library_management-frappe-bench:default: Job OK (dev.localhost::scheduled_job::frappe.model.utils.link_count.update_link_count)
2025-05-13 15:30:35,750 Result is kept for 600 seconds
2025-05-13 15:30:35,756 workspaces-library_management-frappe-bench:default: frappe.utils.background_jobs.execute_job(event=None, is_async=True, job_name='frappe.core.doctype.scheduled_job_type.scheduled_job_type.run_scheduled_jo..., kwargs={'job_type': 'frappe.utils.global_search.sync_global_search'}, method='frappe.core.doctype.scheduled_job_type.scheduled_job_type.run_scheduled_jo..., site='dev.localhost', user='Administrator') (dev.localhost::scheduled_job::frappe.utils.global_search.sync_global_search)
2025-05-13 15:30:36,087 workspaces-library_management-frappe-bench:default: Job OK (dev.localhost::scheduled_job::frappe.utils.global_search.sync_global_search)
2025-05-13 15:30:36,088 Result is kept for 600 seconds
2025-05-13 15:30:36,094 workspaces-library_management-frappe-bench:default: frappe.utils.background_jobs.execute_job(event=None, is_async=True, job_name='frappe.core.doctype.scheduled_job_type.scheduled_job_type.run_scheduled_jo..., kwargs={'job_type': 'frappe.email.queue.flush'}, method='frappe.core.doctype.scheduled_job_type.scheduled_job_type.run_scheduled_jo..., site='dev.localhost', user='Administrator') (dev.localhost::scheduled_job::frappe.email.queue.flush)
2025-05-13 15:30:36,471 workspaces-library_management-frappe-bench:default: Job OK (dev.localhost::scheduled_job::frappe.email.queue.flush)
2025-05-13 15:30:36,472 Result is kept for 600 seconds
2025-05-13 15:30:36,479 workspaces-library_management-frappe-bench:default: frappe.utils.background_jobs.execute_job(event=None, is_async=True, job_name='frappe.core.doctype.scheduled_job_type.scheduled_job_type.run_scheduled_jo..., kwargs={'job_type': 'frappe.email.doctype.newsletter.newsletter.send_scheduled_ema..., method='frappe.core.doctype.scheduled_job_type.scheduled_job_type.run_scheduled_jo..., site='dev.localhost', user='Administrator') (dev.localhost::scheduled_job::frappe.email.doctype.newsletter.newsletter.send_scheduled_email)
2025-05-13 15:30:37,002 workspaces-library_management-frappe-bench:default: Job OK (dev.localhost::scheduled_job::frappe.email.doctype.newsletter.newsletter.send_scheduled_email)
2025-05-13 15:30:37,002 Result is kept for 600 seconds
2025-05-13 15:30:37,029 workspaces-library_management-frappe-bench:default: frappe.utils.background_jobs.execute_job(event=None, is_async=True, job_name='frappe.core.doctype.scheduled_job_type.scheduled_job_type.run_scheduled_jo..., kwargs={'job_type': 'frappe.website.doctype.personal_data_deletion_request.persona..., method='frappe.core.doctype.scheduled_job_type.scheduled_job_type.run_scheduled_jo..., site='dev.localhost', user='Administrator') (dev.localhost::scheduled_job::frappe.website.doctype.personal_data_deletion_request.personal_data_deletion_request.process_data_deletion_request)
2025-05-13 15:30:37,409 workspaces-library_management-frappe-bench:default: Job OK (dev.localhost::scheduled_job::frappe.website.doctype.personal_data_deletion_request.personal_data_deletion_request.process_data_deletion_request)
2025-05-13 15:30:37,409 Result is kept for 600 seconds
2025-05-13 15:30:37,416 workspaces-library_management-frappe-bench:default: frappe.utils.background_jobs.execute_job(event=None, is_async=True, job_name='frappe.core.doctype.scheduled_job_type.scheduled_job_type.run_scheduled_jo..., kwargs={'job_type': 'frappe.desk.form.document_follow.send_hourly_updates'}, method='frappe.core.doctype.scheduled_job_type.scheduled_job_type.run_scheduled_jo..., site='dev.localhost', user='Administrator') (dev.localhost::scheduled_job::frappe.desk.form.document_follow.send_hourly_updates)
2025-05-13 15:30:37,736 workspaces-library_management-frappe-bench:default: Job OK (dev.localhost::scheduled_job::frappe.desk.form.document_follow.send_hourly_updates)
2025-05-13 15:30:37,737 Result is kept for 600 seconds
2025-05-13 15:30:37,743 workspaces-library_management-frappe-bench:default: frappe.utils.background_jobs.execute_job(event=None, is_async=True, job_name='frappe.core.doctype.scheduled_job_type.scheduled_job_type.run_scheduled_jo..., kwargs={'job_type': 'frappe.oauth.delete_oauth2_data'}, method='frappe.core.doctype.scheduled_job_type.scheduled_job_type.run_scheduled_jo..., site='dev.localhost', user='Administrator') (dev.localhost::scheduled_job::frappe.oauth.delete_oauth2_data)
2025-05-13 15:30:38,071 workspaces-library_management-frappe-bench:default: Job OK (dev.localhost::scheduled_job::frappe.oauth.delete_oauth2_data)
2025-05-13 15:30:38,071 Result is kept for 600 seconds
2025-05-13 15:30:38,080 workspaces-library_management-frappe-bench:default: frappe.utils.background_jobs.execute_job(event=None, is_async=True, job_name='frappe.core.doctype.scheduled_job_type.scheduled_job_type.run_scheduled_jo..., kwargs={'job_type': 'frappe.monitor.flush'}, method='frappe.core.doctype.scheduled_job_type.scheduled_job_type.run_scheduled_jo..., site='dev.localhost', user='Administrator') (dev.localhost::scheduled_job::frappe.monitor.flush)
2025-05-13 15:30:38,391 workspaces-library_management-frappe-bench:default: Job OK (dev.localhost::scheduled_job::frappe.monitor.flush)
2025-05-13 15:30:38,391 Result is kept for 600 seconds
2025-05-13 15:30:38,397 workspaces-library_management-frappe-bench:default: frappe.utils.background_jobs.execute_job(event=None, is_async=True, job_name='frappe.core.doctype.scheduled_job_type.scheduled_job_type.run_scheduled_jo..., kwargs={'job_type': 'frappe.email.doctype.email_account.email_account.notify_unrep..., method='frappe.core.doctype.scheduled_job_type.scheduled_job_type.run_scheduled_jo..., site='dev.localhost', user='Administrator') (dev.localhost::scheduled_job::frappe.email.doctype.email_account.email_account.notify_unreplied)
2025-05-13 15:30:38,746 workspaces-library_management-frappe-bench:default: Job OK (dev.localhost::scheduled_job::frappe.email.doctype.email_account.email_account.notify_unreplied)
2025-05-13 15:30:38,747 Result is kept for 600 seconds
2025-05-13 15:30:38,753 workspaces-library_management-frappe-bench:default: frappe.utils.background_jobs.execute_job(event=None, is_async=True, job_name='frappe.core.doctype.scheduled_job_type.scheduled_job_type.run_scheduled_jo..., kwargs={'job_type': 'frappe.automation.doctype.reminder.reminder.send_reminders'}, method='frappe.core.doctype.scheduled_job_type.scheduled_job_type.run_scheduled_jo..., site='dev.localhost', user='Administrator') (dev.localhost::scheduled_job::frappe.automation.doctype.reminder.reminder.send_reminders)
2025-05-13 15:30:39,133 workspaces-library_management-frappe-bench:default: Job OK (dev.localhost::scheduled_job::frappe.automation.doctype.reminder.reminder.send_reminders)
2025-05-13 15:30:39,133 Result is kept for 600 seconds
2025-05-13 15:30:39,150 workspaces-library_management-frappe-bench:default: frappe.utils.background_jobs.execute_job(event=None, is_async=True, job_name='frappe.core.doctype.scheduled_job_type.scheduled_job_type.run_scheduled_jo..., kwargs={'job_type': 'frappe.website.doctype.web_page.web_page.check_publish_status..., method='frappe.core.doctype.scheduled_job_type.scheduled_job_type.run_scheduled_jo..., site='dev.localhost', user='Administrator') (dev.localhost::scheduled_job::frappe.website.doctype.web_page.web_page.check_publish_status)
2025-05-13 15:30:39,562 workspaces-library_management-frappe-bench:default: Job OK (dev.localhost::scheduled_job::frappe.website.doctype.web_page.web_page.check_publish_status)
2025-05-13 15:30:39,562 Result is kept for 600 seconds
2025-05-13 15:34:33,343 workspaces-library_management-frappe-bench:default: frappe.utils.background_jobs.execute_job(event=None, is_async=True, job_name='frappe.core.doctype.scheduled_job_type.scheduled_job_type.run_scheduled_jo..., kwargs={'job_type': 'frappe.email.queue.flush'}, method='frappe.core.doctype.scheduled_job_type.scheduled_job_type.run_scheduled_jo..., site='dev.localhost', user='Administrator') (dev.localhost::scheduled_job::frappe.email.queue.flush)
2025-05-13 15:34:33,733 workspaces-library_management-frappe-bench:default: Job OK (dev.localhost::scheduled_job::frappe.email.queue.flush)
2025-05-13 15:34:33,733 Result is kept for 600 seconds
2025-05-13 15:34:33,740 workspaces-library_management-frappe-bench:default: frappe.utils.background_jobs.execute_job(event=None, is_async=True, job_name='frappe.core.doctype.scheduled_job_type.scheduled_job_type.run_scheduled_jo..., kwargs={'job_type': 'frappe.monitor.flush'}, method='frappe.core.doctype.scheduled_job_type.scheduled_job_type.run_scheduled_jo..., site='dev.localhost', user='Administrator') (dev.localhost::scheduled_job::frappe.monitor.flush)
2025-05-13 15:34:34,058 workspaces-library_management-frappe-bench:default: Job OK (dev.localhost::scheduled_job::frappe.monitor.flush)
2025-05-13 15:34:34,058 Result is kept for 600 seconds
2025-05-13 15:34:34,065 workspaces-library_management-frappe-bench:default: frappe.utils.background_jobs.execute_job(event=None, is_async=True, job_name='frappe.core.doctype.scheduled_job_type.scheduled_job_type.run_scheduled_jo..., kwargs={'job_type': 'frappe.integrations.doctype.google_calendar.google_calendar.s..., method='frappe.core.doctype.scheduled_job_type.scheduled_job_type.run_scheduled_jo..., site='dev.localhost', user='Administrator') (dev.localhost::scheduled_job::frappe.integrations.doctype.google_calendar.google_calendar.sync)
2025-05-13 15:34:34,555 workspaces-library_management-frappe-bench:default: Job OK (dev.localhost::scheduled_job::frappe.integrations.doctype.google_calendar.google_calendar.sync)
2025-05-13 15:34:34,555 Result is kept for 600 seconds
2025-05-13 15:38:33,479 workspaces-library_management-frappe-bench:default: frappe.utils.background_jobs.execute_job(event=None, is_async=True, job_name='frappe.core.doctype.scheduled_job_type.scheduled_job_type.run_scheduled_jo..., kwargs={'job_type': 'frappe.integrations.doctype.google_calendar.google_calendar.s..., method='frappe.core.doctype.scheduled_job_type.scheduled_job_type.run_scheduled_jo..., site='dev.localhost', user='Administrator') (dev.localhost::scheduled_job::frappe.integrations.doctype.google_calendar.google_calendar.sync)
2025-05-13 15:38:33,958 workspaces-library_management-frappe-bench:default: Job OK (dev.localhost::scheduled_job::frappe.integrations.doctype.google_calendar.google_calendar.sync)
2025-05-13 15:38:33,958 Result is kept for 600 seconds
2025-05-13 15:38:33,966 workspaces-library_management-frappe-bench:default: frappe.utils.background_jobs.execute_job(event=None, is_async=True, job_name='frappe.core.doctype.scheduled_job_type.scheduled_job_type.run_scheduled_jo..., kwargs={'job_type': 'frappe.email.queue.flush'}, method='frappe.core.doctype.scheduled_job_type.scheduled_job_type.run_scheduled_jo..., site='dev.localhost', user='Administrator') (dev.localhost::scheduled_job::frappe.email.queue.flush)
2025-05-13 15:38:34,364 workspaces-library_management-frappe-bench:default: Job OK (dev.localhost::scheduled_job::frappe.email.queue.flush)
2025-05-13 15:38:34,365 Result is kept for 600 seconds
2025-05-13 15:38:34,372 workspaces-library_management-frappe-bench:default: frappe.utils.background_jobs.execute_job(event=None, is_async=True, job_name='frappe.core.doctype.scheduled_job_type.scheduled_job_type.run_scheduled_jo..., kwargs={'job_type': 'frappe.monitor.flush'}, method='frappe.core.doctype.scheduled_job_type.scheduled_job_type.run_scheduled_jo..., site='dev.localhost', user='Administrator') (dev.localhost::scheduled_job::frappe.monitor.flush)
2025-05-13 15:38:34,759 workspaces-library_management-frappe-bench:default: Job OK (dev.localhost::scheduled_job::frappe.monitor.flush)
2025-05-13 15:38:34,759 Result is kept for 600 seconds
2025-05-13 15:40:33,573 workspaces-library_management-frappe-bench:default: frappe.utils.background_jobs.execute_job(event=None, is_async=True, job_name='frappe.core.doctype.scheduled_job_type.scheduled_job_type.run_scheduled_jo..., kwargs={'job_type': 'frappe.email.doctype.email_account.email_account.pull'}, method='frappe.core.doctype.scheduled_job_type.scheduled_job_type.run_scheduled_jo..., site='dev.localhost', user='Administrator') (dev.localhost::scheduled_job::frappe.email.doctype.email_account.email_account.pull)
2025-05-13 15:40:33,990 workspaces-library_management-frappe-bench:default: Job OK (dev.localhost::scheduled_job::frappe.email.doctype.email_account.email_account.pull)
2025-05-13 15:40:33,990 Result is kept for 600 seconds
2025-05-13 15:40:33,999 Cleaning registries for queue: workspaces-library_management-frappe-bench:short
2025-05-13 15:40:34,001 Cleaning registries for queue: workspaces-library_management-frappe-bench:default
2025-05-13 15:40:34,002 Cleaning registries for queue: workspaces-library_management-frappe-bench:long
2025-05-13 15:42:33,643 workspaces-library_management-frappe-bench:default: frappe.utils.background_jobs.execute_job(event=None, is_async=True, job_name='frappe.core.doctype.scheduled_job_type.scheduled_job_type.run_scheduled_jo..., kwargs={'job_type': 'frappe.integrations.doctype.google_calendar.google_calendar.s..., method='frappe.core.doctype.scheduled_job_type.scheduled_job_type.run_scheduled_jo..., site='dev.localhost', user='Administrator') (dev.localhost::scheduled_job::frappe.integrations.doctype.google_calendar.google_calendar.sync)
2025-05-13 15:42:34,150 workspaces-library_management-frappe-bench:default: Job OK (dev.localhost::scheduled_job::frappe.integrations.doctype.google_calendar.google_calendar.sync)
2025-05-13 15:42:34,150 Result is kept for 600 seconds
2025-05-13 15:42:34,158 workspaces-library_management-frappe-bench:default: frappe.utils.background_jobs.execute_job(event=None, is_async=True, job_name='frappe.core.doctype.scheduled_job_type.scheduled_job_type.run_scheduled_jo..., kwargs={'job_type': 'frappe.email.queue.flush'}, method='frappe.core.doctype.scheduled_job_type.scheduled_job_type.run_scheduled_jo..., site='dev.localhost', user='Administrator') (dev.localhost::scheduled_job::frappe.email.queue.flush)
2025-05-13 15:42:34,634 workspaces-library_management-frappe-bench:default: Job OK (dev.localhost::scheduled_job::frappe.email.queue.flush)
2025-05-13 15:42:34,634 Result is kept for 600 seconds
2025-05-13 15:42:34,642 workspaces-library_management-frappe-bench:default: frappe.utils.background_jobs.execute_job(event=None, is_async=True, job_name='frappe.core.doctype.scheduled_job_type.scheduled_job_type.run_scheduled_jo..., kwargs={'job_type': 'frappe.monitor.flush'}, method='frappe.core.doctype.scheduled_job_type.scheduled_job_type.run_scheduled_jo..., site='dev.localhost', user='Administrator') (dev.localhost::scheduled_job::frappe.monitor.flush)
2025-05-13 15:42:35,019 workspaces-library_management-frappe-bench:default: Job OK (dev.localhost::scheduled_job::frappe.monitor.flush)
2025-05-13 15:42:35,020 Result is kept for 600 seconds
2025-05-13 15:45:33,769 workspaces-library_management-frappe-bench:default: frappe.utils.background_jobs.execute_job(event=None, is_async=True, job_name='frappe.core.doctype.scheduled_job_type.scheduled_job_type.run_scheduled_jo..., kwargs={'job_type': 'frappe.oauth.delete_oauth2_data'}, method='frappe.core.doctype.scheduled_job_type.scheduled_job_type.run_scheduled_jo..., site='dev.localhost', user='Administrator') (dev.localhost::scheduled_job::frappe.oauth.delete_oauth2_data)
2025-05-13 15:45:34,187 workspaces-library_management-frappe-bench:default: Job OK (dev.localhost::scheduled_job::frappe.oauth.delete_oauth2_data)
2025-05-13 15:45:34,187 Result is kept for 600 seconds
2025-05-13 15:45:34,196 workspaces-library_management-frappe-bench:default: frappe.utils.background_jobs.execute_job(event=None, is_async=True, job_name='frappe.core.doctype.scheduled_job_type.scheduled_job_type.run_scheduled_jo..., kwargs={'job_type': 'frappe.twofactor.delete_all_barcodes_for_users'}, method='frappe.core.doctype.scheduled_job_type.scheduled_job_type.run_scheduled_jo..., site='dev.localhost', user='Administrator') (dev.localhost::scheduled_job::frappe.twofactor.delete_all_barcodes_for_users)
2025-05-13 15:45:34,580 workspaces-library_management-frappe-bench:default: Job OK (dev.localhost::scheduled_job::frappe.twofactor.delete_all_barcodes_for_users)
2025-05-13 15:45:34,580 Result is kept for 600 seconds
2025-05-13 15:45:34,587 workspaces-library_management-frappe-bench:default: frappe.utils.background_jobs.execute_job(event=None, is_async=True, job_name='frappe.core.doctype.scheduled_job_type.scheduled_job_type.run_scheduled_jo..., kwargs={'job_type': 'frappe.deferred_insert.save_to_db'}, method='frappe.core.doctype.scheduled_job_type.scheduled_job_type.run_scheduled_jo..., site='dev.localhost', user='Administrator') (dev.localhost::scheduled_job::frappe.deferred_insert.save_to_db)
2025-05-13 15:45:34,951 workspaces-library_management-frappe-bench:default: Job OK (dev.localhost::scheduled_job::frappe.deferred_insert.save_to_db)
2025-05-13 15:45:34,951 Result is kept for 600 seconds
2025-05-13 15:45:34,958 workspaces-library_management-frappe-bench:default: frappe.utils.background_jobs.execute_job(event=None, is_async=True, job_name='frappe.core.doctype.scheduled_job_type.scheduled_job_type.run_scheduled_jo..., kwargs={'job_type': 'frappe.utils.global_search.sync_global_search'}, method='frappe.core.doctype.scheduled_job_type.scheduled_job_type.run_scheduled_jo..., site='dev.localhost', user='Administrator') (dev.localhost::scheduled_job::frappe.utils.global_search.sync_global_search)
2025-05-13 15:45:35,298 workspaces-library_management-frappe-bench:default: Job OK (dev.localhost::scheduled_job::frappe.utils.global_search.sync_global_search)
2025-05-13 15:45:35,298 Result is kept for 600 seconds
2025-05-13 15:45:35,308 workspaces-library_management-frappe-bench:default: frappe.utils.background_jobs.execute_job(event=None, is_async=True, job_name='frappe.core.doctype.scheduled_job_type.scheduled_job_type.run_scheduled_jo..., kwargs={'job_type': 'frappe.email.doctype.email_account.email_account.notify_unrep..., method='frappe.core.doctype.scheduled_job_type.scheduled_job_type.run_scheduled_jo..., site='dev.localhost', user='Administrator') (dev.localhost::scheduled_job::frappe.email.doctype.email_account.email_account.notify_unreplied)
2025-05-13 15:45:35,676 workspaces-library_management-frappe-bench:default: Job OK (dev.localhost::scheduled_job::frappe.email.doctype.email_account.email_account.notify_unreplied)
2025-05-13 15:45:35,677 Result is kept for 600 seconds
2025-05-13 15:45:35,683 workspaces-library_management-frappe-bench:default: frappe.utils.background_jobs.execute_job(event=None, is_async=True, job_name='frappe.core.doctype.scheduled_job_type.scheduled_job_type.run_scheduled_jo..., kwargs={'job_type': 'frappe.website.doctype.web_page.web_page.check_publish_status..., method='frappe.core.doctype.scheduled_job_type.scheduled_job_type.run_scheduled_jo..., site='dev.localhost', user='Administrator') (dev.localhost::scheduled_job::frappe.website.doctype.web_page.web_page.check_publish_status)
2025-05-13 15:45:36,106 workspaces-library_management-frappe-bench:default: Job OK (dev.localhost::scheduled_job::frappe.website.doctype.web_page.web_page.check_publish_status)
2025-05-13 15:45:36,106 Result is kept for 600 seconds
2025-05-13 15:45:36,113 workspaces-library_management-frappe-bench:default: frappe.utils.background_jobs.execute_job(event=None, is_async=True, job_name='frappe.core.doctype.scheduled_job_type.scheduled_job_type.run_scheduled_jo..., kwargs={'job_type': 'frappe.automation.doctype.reminder.reminder.send_reminders'}, method='frappe.core.doctype.scheduled_job_type.scheduled_job_type.run_scheduled_jo..., site='dev.localhost', user='Administrator') (dev.localhost::scheduled_job::frappe.automation.doctype.reminder.reminder.send_reminders)
2025-05-13 15:45:36,470 workspaces-library_management-frappe-bench:default: Job OK (dev.localhost::scheduled_job::frappe.automation.doctype.reminder.reminder.send_reminders)
2025-05-13 15:45:36,470 Result is kept for 600 seconds
2025-05-13 15:46:33,866 workspaces-library_management-frappe-bench:default: frappe.utils.background_jobs.execute_job(event=None, is_async=True, job_name='frappe.core.doctype.scheduled_job_type.scheduled_job_type.run_scheduled_jo..., kwargs={'job_type': 'frappe.email.queue.flush'}, method='frappe.core.doctype.scheduled_job_type.scheduled_job_type.run_scheduled_jo..., site='dev.localhost', user='Administrator') (dev.localhost::scheduled_job::frappe.email.queue.flush)
2025-05-13 15:46:34,288 workspaces-library_management-frappe-bench:default: Job OK (dev.localhost::scheduled_job::frappe.email.queue.flush)
2025-05-13 15:46:34,289 Result is kept for 600 seconds
2025-05-13 15:46:34,296 workspaces-library_management-frappe-bench:default: frappe.utils.background_jobs.execute_job(event=None, is_async=True, job_name='frappe.core.doctype.scheduled_job_type.scheduled_job_type.run_scheduled_jo..., kwargs={'job_type': 'frappe.monitor.flush'}, method='frappe.core.doctype.scheduled_job_type.scheduled_job_type.run_scheduled_jo..., site='dev.localhost', user='Administrator') (dev.localhost::scheduled_job::frappe.monitor.flush)
2025-05-13 15:46:34,618 workspaces-library_management-frappe-bench:default: Job OK (dev.localhost::scheduled_job::frappe.monitor.flush)
2025-05-13 15:46:34,618 Result is kept for 600 seconds
2025-05-13 15:46:34,625 workspaces-library_management-frappe-bench:default: frappe.utils.background_jobs.execute_job(event=None, is_async=True, job_name='frappe.core.doctype.scheduled_job_type.scheduled_job_type.run_scheduled_jo..., kwargs={'job_type': 'frappe.integrations.doctype.google_calendar.google_calendar.s..., method='frappe.core.doctype.scheduled_job_type.scheduled_job_type.run_scheduled_jo..., site='dev.localhost', user='Administrator') (dev.localhost::scheduled_job::frappe.integrations.doctype.google_calendar.google_calendar.sync)
2025-05-13 15:46:35,216 workspaces-library_management-frappe-bench:default: Job OK (dev.localhost::scheduled_job::frappe.integrations.doctype.google_calendar.google_calendar.sync)
2025-05-13 15:46:35,216 Result is kept for 600 seconds
2025-05-13 15:50:34,048 workspaces-library_management-frappe-bench:default: frappe.utils.background_jobs.execute_job(event=None, is_async=True, job_name='frappe.core.doctype.scheduled_job_type.scheduled_job_type.run_scheduled_jo..., kwargs={'job_type': 'frappe.email.doctype.email_account.email_account.pull'}, method='frappe.core.doctype.scheduled_job_type.scheduled_job_type.run_scheduled_jo..., site='dev.localhost', user='Administrator') (dev.localhost::scheduled_job::frappe.email.doctype.email_account.email_account.pull)
2025-05-13 15:50:34,395 workspaces-library_management-frappe-bench:default: Job OK (dev.localhost::scheduled_job::frappe.email.doctype.email_account.email_account.pull)
2025-05-13 15:50:34,396 Result is kept for 600 seconds
2025-05-13 15:50:34,403 workspaces-library_management-frappe-bench:default: frappe.utils.background_jobs.execute_job(event=None, is_async=True, job_name='frappe.core.doctype.scheduled_job_type.scheduled_job_type.run_scheduled_jo..., kwargs={'job_type': 'frappe.integrations.doctype.google_calendar.google_calendar.s..., method='frappe.core.doctype.scheduled_job_type.scheduled_job_type.run_scheduled_jo..., site='dev.localhost', user='Administrator') (dev.localhost::scheduled_job::frappe.integrations.doctype.google_calendar.google_calendar.sync)
2025-05-13 15:50:34,838 workspaces-library_management-frappe-bench:default: Job OK (dev.localhost::scheduled_job::frappe.integrations.doctype.google_calendar.google_calendar.sync)
2025-05-13 15:50:34,838 Result is kept for 600 seconds
2025-05-13 15:50:34,845 workspaces-library_management-frappe-bench:default: frappe.utils.background_jobs.execute_job(event=None, is_async=True, job_name='frappe.core.doctype.scheduled_job_type.scheduled_job_type.run_scheduled_jo..., kwargs={'job_type': 'frappe.monitor.flush'}, method='frappe.core.doctype.scheduled_job_type.scheduled_job_type.run_scheduled_jo..., site='dev.localhost', user='Administrator') (dev.localhost::scheduled_job::frappe.monitor.flush)
2025-05-13 15:50:35,197 workspaces-library_management-frappe-bench:default: Job OK (dev.localhost::scheduled_job::frappe.monitor.flush)
2025-05-13 15:50:35,198 Result is kept for 600 seconds
2025-05-13 15:50:35,204 workspaces-library_management-frappe-bench:default: frappe.utils.background_jobs.execute_job(event=None, is_async=True, job_name='frappe.core.doctype.scheduled_job_type.scheduled_job_type.run_scheduled_jo..., kwargs={'job_type': 'frappe.email.queue.flush'}, method='frappe.core.doctype.scheduled_job_type.scheduled_job_type.run_scheduled_jo..., site='dev.localhost', user='Administrator') (dev.localhost::scheduled_job::frappe.email.queue.flush)
2025-05-13 15:50:35,595 workspaces-library_management-frappe-bench:default: Job OK (dev.localhost::scheduled_job::frappe.email.queue.flush)
2025-05-13 15:50:35,596 Result is kept for 600 seconds
2025-05-13 15:54:34,203 workspaces-library_management-frappe-bench:default: frappe.utils.background_jobs.execute_job(event=None, is_async=True, job_name='frappe.core.doctype.scheduled_job_type.scheduled_job_type.run_scheduled_jo..., kwargs={'job_type': 'frappe.monitor.flush'}, method='frappe.core.doctype.scheduled_job_type.scheduled_job_type.run_scheduled_jo..., site='dev.localhost', user='Administrator') (dev.localhost::scheduled_job::frappe.monitor.flush)
2025-05-13 15:54:34,526 workspaces-library_management-frappe-bench:default: Job OK (dev.localhost::scheduled_job::frappe.monitor.flush)
2025-05-13 15:54:34,526 Result is kept for 600 seconds
2025-05-13 15:54:34,533 workspaces-library_management-frappe-bench:default: frappe.utils.background_jobs.execute_job(event=None, is_async=True, job_name='frappe.core.doctype.scheduled_job_type.scheduled_job_type.run_scheduled_jo..., kwargs={'job_type': 'frappe.email.queue.flush'}, method='frappe.core.doctype.scheduled_job_type.scheduled_job_type.run_scheduled_jo..., site='dev.localhost', user='Administrator') (dev.localhost::scheduled_job::frappe.email.queue.flush)
2025-05-13 15:54:34,936 workspaces-library_management-frappe-bench:default: Job OK (dev.localhost::scheduled_job::frappe.email.queue.flush)
2025-05-13 15:54:34,936 Result is kept for 600 seconds
2025-05-13 15:54:34,946 workspaces-library_management-frappe-bench:default: frappe.utils.background_jobs.execute_job(event=None, is_async=True, job_name='frappe.core.doctype.scheduled_job_type.scheduled_job_type.run_scheduled_jo..., kwargs={'job_type': 'frappe.integrations.doctype.google_calendar.google_calendar.s..., method='frappe.core.doctype.scheduled_job_type.scheduled_job_type.run_scheduled_jo..., site='dev.localhost', user='Administrator') (dev.localhost::scheduled_job::frappe.integrations.doctype.google_calendar.google_calendar.sync)
2025-05-13 15:54:35,450 workspaces-library_management-frappe-bench:default: Job OK (dev.localhost::scheduled_job::frappe.integrations.doctype.google_calendar.google_calendar.sync)
2025-05-13 15:54:35,450 Result is kept for 600 seconds
2025-05-13 15:58:34,353 workspaces-library_management-frappe-bench:default: frappe.utils.background_jobs.execute_job(event=None, is_async=True, job_name='frappe.core.doctype.scheduled_job_type.scheduled_job_type.run_scheduled_jo..., kwargs={'job_type': 'frappe.monitor.flush'}, method='frappe.core.doctype.scheduled_job_type.scheduled_job_type.run_scheduled_jo..., site='dev.localhost', user='Administrator') (dev.localhost::scheduled_job::frappe.monitor.flush)
2025-05-13 15:58:34,686 workspaces-library_management-frappe-bench:default: Job OK (dev.localhost::scheduled_job::frappe.monitor.flush)
2025-05-13 15:58:34,686 Result is kept for 600 seconds
2025-05-13 15:58:34,693 workspaces-library_management-frappe-bench:default: frappe.utils.background_jobs.execute_job(event=None, is_async=True, job_name='frappe.core.doctype.scheduled_job_type.scheduled_job_type.run_scheduled_jo..., kwargs={'job_type': 'frappe.integrations.doctype.google_calendar.google_calendar.s..., method='frappe.core.doctype.scheduled_job_type.scheduled_job_type.run_scheduled_jo..., site='dev.localhost', user='Administrator') (dev.localhost::scheduled_job::frappe.integrations.doctype.google_calendar.google_calendar.sync)
2025-05-13 15:58:35,238 workspaces-library_management-frappe-bench:default: Job OK (dev.localhost::scheduled_job::frappe.integrations.doctype.google_calendar.google_calendar.sync)
2025-05-13 15:58:35,238 Result is kept for 600 seconds
2025-05-13 15:58:35,246 workspaces-library_management-frappe-bench:default: frappe.utils.background_jobs.execute_job(event=None, is_async=True, job_name='frappe.core.doctype.scheduled_job_type.scheduled_job_type.run_scheduled_jo..., kwargs={'job_type': 'frappe.email.queue.flush'}, method='frappe.core.doctype.scheduled_job_type.scheduled_job_type.run_scheduled_jo..., site='dev.localhost', user='Administrator') (dev.localhost::scheduled_job::frappe.email.queue.flush)
2025-05-13 15:58:35,678 workspaces-library_management-frappe-bench:default: Job OK (dev.localhost::scheduled_job::frappe.email.queue.flush)
2025-05-13 15:58:35,678 Result is kept for 600 seconds
2025-05-13 16:00:34,441 workspaces-library_management-frappe-bench:default: frappe.utils.background_jobs.execute_job(event=None, is_async=True, job_name='frappe.core.doctype.scheduled_job_type.scheduled_job_type.run_scheduled_jo..., kwargs={'job_type': 'frappe.twofactor.delete_all_barcodes_for_users'}, method='frappe.core.doctype.scheduled_job_type.scheduled_job_type.run_scheduled_jo..., site='dev.localhost', user='Administrator') (dev.localhost::scheduled_job::frappe.twofactor.delete_all_barcodes_for_users)
2025-05-13 16:00:34,840 workspaces-library_management-frappe-bench:default: Job OK (dev.localhost::scheduled_job::frappe.twofactor.delete_all_barcodes_for_users)
2025-05-13 16:00:34,840 Result is kept for 600 seconds
2025-05-13 16:00:34,845 Cleaning registries for queue: workspaces-library_management-frappe-bench:short
2025-05-13 16:00:34,846 Cleaning registries for queue: workspaces-library_management-frappe-bench:default
2025-05-13 16:00:34,847 Cleaning registries for queue: workspaces-library_management-frappe-bench:long
2025-05-13 16:00:34,849 workspaces-library_management-frappe-bench:default: frappe.utils.background_jobs.execute_job(event=None, is_async=True, job_name='frappe.core.doctype.scheduled_job_type.scheduled_job_type.run_scheduled_jo..., kwargs={'job_type': 'frappe.website.doctype.web_page.web_page.check_publish_status..., method='frappe.core.doctype.scheduled_job_type.scheduled_job_type.run_scheduled_jo..., site='dev.localhost', user='Administrator') (dev.localhost::scheduled_job::frappe.website.doctype.web_page.web_page.check_publish_status)
2025-05-13 16:00:35,244 workspaces-library_management-frappe-bench:default: Job OK (dev.localhost::scheduled_job::frappe.website.doctype.web_page.web_page.check_publish_status)
2025-05-13 16:00:35,244 Result is kept for 600 seconds
2025-05-13 16:00:35,251 workspaces-library_management-frappe-bench:default: frappe.utils.background_jobs.execute_job(event=None, is_async=True, job_name='frappe.core.doctype.scheduled_job_type.scheduled_job_type.run_scheduled_jo..., kwargs={'job_type': 'frappe.email.doctype.email_account.email_account.notify_unrep..., method='frappe.core.doctype.scheduled_job_type.scheduled_job_type.run_scheduled_jo..., site='dev.localhost', user='Administrator') (dev.localhost::scheduled_job::frappe.email.doctype.email_account.email_account.notify_unreplied)
2025-05-13 16:00:35,606 workspaces-library_management-frappe-bench:default: Job OK (dev.localhost::scheduled_job::frappe.email.doctype.email_account.email_account.notify_unreplied)
2025-05-13 16:00:35,606 Result is kept for 600 seconds
2025-05-13 16:00:35,613 workspaces-library_management-frappe-bench:default: frappe.utils.background_jobs.execute_job(event=None, is_async=True, job_name='frappe.core.doctype.scheduled_job_type.scheduled_job_type.run_scheduled_jo..., kwargs={'job_type': 'frappe.core.doctype.prepared_report.prepared_report.expire_st..., method='frappe.core.doctype.scheduled_job_type.scheduled_job_type.run_scheduled_jo..., site='dev.localhost', user='Administrator') (dev.localhost::scheduled_job::frappe.core.doctype.prepared_report.prepared_report.expire_stalled_report)
2025-05-13 16:00:35,951 workspaces-library_management-frappe-bench:default: Job OK (dev.localhost::scheduled_job::frappe.core.doctype.prepared_report.prepared_report.expire_stalled_report)
2025-05-13 16:00:35,951 Result is kept for 600 seconds
2025-05-13 16:00:35,960 workspaces-library_management-frappe-bench:default: frappe.utils.background_jobs.execute_job(event=None, is_async=True, job_name='frappe.core.doctype.scheduled_job_type.scheduled_job_type.run_scheduled_jo..., kwargs={'job_type': 'frappe.email.doctype.email_account.email_account.pull'}, method='frappe.core.doctype.scheduled_job_type.scheduled_job_type.run_scheduled_jo..., site='dev.localhost', user='Administrator') (dev.localhost::scheduled_job::frappe.email.doctype.email_account.email_account.pull)
2025-05-13 16:00:36,328 workspaces-library_management-frappe-bench:default: Job OK (dev.localhost::scheduled_job::frappe.email.doctype.email_account.email_account.pull)
2025-05-13 16:00:36,329 Result is kept for 600 seconds
2025-05-13 16:00:36,335 workspaces-library_management-frappe-bench:default: frappe.utils.background_jobs.execute_job(event=None, is_async=True, job_name='frappe.core.doctype.scheduled_job_type.scheduled_job_type.run_scheduled_jo..., kwargs={'job_type': 'frappe.deferred_insert.save_to_db'}, method='frappe.core.doctype.scheduled_job_type.scheduled_job_type.run_scheduled_jo..., site='dev.localhost', user='Administrator') (dev.localhost::scheduled_job::frappe.deferred_insert.save_to_db)
2025-05-13 16:00:36,675 workspaces-library_management-frappe-bench:default: Job OK (dev.localhost::scheduled_job::frappe.deferred_insert.save_to_db)
2025-05-13 16:00:36,675 Result is kept for 600 seconds
2025-05-13 16:00:36,682 workspaces-library_management-frappe-bench:default: frappe.utils.background_jobs.execute_job(event=None, is_async=True, job_name='frappe.core.doctype.scheduled_job_type.scheduled_job_type.run_scheduled_jo..., kwargs={'job_type': 'frappe.utils.global_search.sync_global_search'}, method='frappe.core.doctype.scheduled_job_type.scheduled_job_type.run_scheduled_jo..., site='dev.localhost', user='Administrator') (dev.localhost::scheduled_job::frappe.utils.global_search.sync_global_search)
2025-05-13 16:00:37,004 workspaces-library_management-frappe-bench:default: Job OK (dev.localhost::scheduled_job::frappe.utils.global_search.sync_global_search)
2025-05-13 16:00:37,004 Result is kept for 600 seconds
2025-05-13 16:00:37,013 workspaces-library_management-frappe-bench:default: frappe.utils.background_jobs.execute_job(event=None, is_async=True, job_name='frappe.core.doctype.scheduled_job_type.scheduled_job_type.run_scheduled_jo..., kwargs={'job_type': 'frappe.automation.doctype.reminder.reminder.send_reminders'}, method='frappe.core.doctype.scheduled_job_type.scheduled_job_type.run_scheduled_jo..., site='dev.localhost', user='Administrator') (dev.localhost::scheduled_job::frappe.automation.doctype.reminder.reminder.send_reminders)
2025-05-13 16:00:37,337 workspaces-library_management-frappe-bench:default: Job OK (dev.localhost::scheduled_job::frappe.automation.doctype.reminder.reminder.send_reminders)
2025-05-13 16:00:37,337 Result is kept for 600 seconds
2025-05-13 16:00:37,343 workspaces-library_management-frappe-bench:default: frappe.utils.background_jobs.execute_job(event=None, is_async=True, job_name='frappe.core.doctype.scheduled_job_type.scheduled_job_type.run_scheduled_jo..., kwargs={'job_type': 'frappe.oauth.delete_oauth2_data'}, method='frappe.core.doctype.scheduled_job_type.scheduled_job_type.run_scheduled_jo..., site='dev.localhost', user='Administrator') (dev.localhost::scheduled_job::frappe.oauth.delete_oauth2_data)
2025-05-13 16:00:37,667 workspaces-library_management-frappe-bench:default: Job OK (dev.localhost::scheduled_job::frappe.oauth.delete_oauth2_data)
2025-05-13 16:00:37,667 Result is kept for 600 seconds
2025-05-13 16:02:34,587 workspaces-library_management-frappe-bench:default: frappe.utils.background_jobs.execute_job(event=None, is_async=True, job_name='frappe.core.doctype.scheduled_job_type.scheduled_job_type.run_scheduled_jo..., kwargs={'job_type': 'frappe.monitor.flush'}, method='frappe.core.doctype.scheduled_job_type.scheduled_job_type.run_scheduled_jo..., site='dev.localhost', user='Administrator') (dev.localhost::scheduled_job::frappe.monitor.flush)
2025-05-13 16:02:34,913 workspaces-library_management-frappe-bench:default: Job OK (dev.localhost::scheduled_job::frappe.monitor.flush)
2025-05-13 16:02:34,914 Result is kept for 600 seconds
2025-05-13 16:02:34,920 workspaces-library_management-frappe-bench:default: frappe.utils.background_jobs.execute_job(event=None, is_async=True, job_name='frappe.core.doctype.scheduled_job_type.scheduled_job_type.run_scheduled_jo..., kwargs={'job_type': 'frappe.email.queue.flush'}, method='frappe.core.doctype.scheduled_job_type.scheduled_job_type.run_scheduled_jo..., site='dev.localhost', user='Administrator') (dev.localhost::scheduled_job::frappe.email.queue.flush)
2025-05-13 16:02:35,340 workspaces-library_management-frappe-bench:default: Job OK (dev.localhost::scheduled_job::frappe.email.queue.flush)
2025-05-13 16:02:35,340 Result is kept for 600 seconds
2025-05-13 16:02:35,347 workspaces-library_management-frappe-bench:default: frappe.utils.background_jobs.execute_job(event=None, is_async=True, job_name='frappe.core.doctype.scheduled_job_type.scheduled_job_type.run_scheduled_jo..., kwargs={'job_type': 'frappe.integrations.doctype.google_calendar.google_calendar.s..., method='frappe.core.doctype.scheduled_job_type.scheduled_job_type.run_scheduled_jo..., site='dev.localhost', user='Administrator') (dev.localhost::scheduled_job::frappe.integrations.doctype.google_calendar.google_calendar.sync)
2025-05-13 16:02:35,802 workspaces-library_management-frappe-bench:default: Job OK (dev.localhost::scheduled_job::frappe.integrations.doctype.google_calendar.google_calendar.sync)
2025-05-13 16:02:35,802 Result is kept for 600 seconds
2025-05-13 16:06:34,715 workspaces-library_management-frappe-bench:default: frappe.utils.background_jobs.execute_job(event=None, is_async=True, job_name='frappe.core.doctype.scheduled_job_type.scheduled_job_type.run_scheduled_jo..., kwargs={'job_type': 'frappe.email.queue.flush'}, method='frappe.core.doctype.scheduled_job_type.scheduled_job_type.run_scheduled_jo..., site='dev.localhost', user='Administrator') (dev.localhost::scheduled_job::frappe.email.queue.flush)
2025-05-13 16:06:35,160 workspaces-library_management-frappe-bench:default: Job OK (dev.localhost::scheduled_job::frappe.email.queue.flush)
2025-05-13 16:06:35,160 Result is kept for 600 seconds
2025-05-13 16:06:35,167 workspaces-library_management-frappe-bench:default: frappe.utils.background_jobs.execute_job(event=None, is_async=True, job_name='frappe.core.doctype.scheduled_job_type.scheduled_job_type.run_scheduled_jo..., kwargs={'job_type': 'frappe.integrations.doctype.google_calendar.google_calendar.s..., method='frappe.core.doctype.scheduled_job_type.scheduled_job_type.run_scheduled_jo..., site='dev.localhost', user='Administrator') (dev.localhost::scheduled_job::frappe.integrations.doctype.google_calendar.google_calendar.sync)
2025-05-13 16:06:35,620 workspaces-library_management-frappe-bench:default: Job OK (dev.localhost::scheduled_job::frappe.integrations.doctype.google_calendar.google_calendar.sync)
2025-05-13 16:06:35,620 Result is kept for 600 seconds
2025-05-13 16:06:35,627 workspaces-library_management-frappe-bench:default: frappe.utils.background_jobs.execute_job(event=None, is_async=True, job_name='frappe.core.doctype.scheduled_job_type.scheduled_job_type.run_scheduled_jo..., kwargs={'job_type': 'frappe.monitor.flush'}, method='frappe.core.doctype.scheduled_job_type.scheduled_job_type.run_scheduled_jo..., site='dev.localhost', user='Administrator') (dev.localhost::scheduled_job::frappe.monitor.flush)
2025-05-13 16:06:35,989 workspaces-library_management-frappe-bench:default: Job OK (dev.localhost::scheduled_job::frappe.monitor.flush)
2025-05-13 16:06:35,989 Result is kept for 600 seconds
2025-05-14 11:42:39,023 Worker rq:worker:95df2d3efa824e3cb41547fafcfc9158 started with PID 2393, version 1.15.1
2025-05-14 11:42:39,085 Subscribing to channel rq:pubsub:95df2d3efa824e3cb41547fafcfc9158
2025-05-14 11:42:39,088 *** Listening on workspaces-library_management-frappe-bench:short, workspaces-library_management-frappe-bench:default, workspaces-library_management-frappe-bench:long...
2025-05-14 11:42:39,092 Cleaning registries for queue: workspaces-library_management-frappe-bench:short
2025-05-14 11:42:39,108 Cleaning registries for queue: workspaces-library_management-frappe-bench:default
2025-05-14 11:42:39,110 Cleaning registries for queue: workspaces-library_management-frappe-bench:long
2025-05-14 11:48:59,795 Worker 95df2d3efa824e3cb41547fafcfc9158 [PID 2393]: warm shut down requested
2025-05-14 11:48:59,803 Unsubscribing from channel rq:pubsub:95df2d3efa824e3cb41547fafcfc9158
2025-05-14 11:49:03,635 Worker rq:worker:ba2f81c7463d4594aaa1ee6e3f19490c started with PID 8516, version 1.15.1
2025-05-14 11:49:03,639 Subscribing to channel rq:pubsub:ba2f81c7463d4594aaa1ee6e3f19490c
2025-05-14 11:49:03,661 *** Listening on workspaces-library_management-frappe-bench:short, workspaces-library_management-frappe-bench:default, workspaces-library_management-frappe-bench:long...
2025-05-14 11:49:03,683 Cleaning registries for queue: workspaces-library_management-frappe-bench:short
2025-05-14 11:49:03,686 Cleaning registries for queue: workspaces-library_management-frappe-bench:default
2025-05-14 11:49:03,689 Cleaning registries for queue: workspaces-library_management-frappe-bench:long
2025-05-14 11:50:27,067 Worker ba2f81c7463d4594aaa1ee6e3f19490c [PID 8516]: warm shut down requested
2025-05-14 11:50:27,086 Unsubscribing from channel rq:pubsub:ba2f81c7463d4594aaa1ee6e3f19490c
2025-05-14 11:51:26,998 Worker rq:worker:9db38a62410247cf9d8497661fab8645 started with PID 10388, version 1.15.1
2025-05-14 11:51:26,998 Subscribing to channel rq:pubsub:9db38a62410247cf9d8497661fab8645
2025-05-14 11:51:27,015 *** Listening on workspaces-library_management-frappe-bench:short, workspaces-library_management-frappe-bench:default, workspaces-library_management-frappe-bench:long...
2025-05-14 11:51:27,023 Cleaning registries for queue: workspaces-library_management-frappe-bench:short
2025-05-14 11:51:27,038 Cleaning registries for queue: workspaces-library_management-frappe-bench:default
2025-05-14 11:51:27,050 Cleaning registries for queue: workspaces-library_management-frappe-bench:long
2025-05-14 11:53:21,923 Worker 9db38a62410247cf9d8497661fab8645 [PID 10388]: warm shut down requested
2025-05-14 11:53:21,938 Unsubscribing from channel rq:pubsub:9db38a62410247cf9d8497661fab8645
2025-05-14 12:01:38,386 Worker rq:worker:5cd40b008072409b9888e5c8c6574c9f started with PID 15947, version 1.15.1
2025-05-14 12:01:38,387 Subscribing to channel rq:pubsub:5cd40b008072409b9888e5c8c6574c9f
2025-05-14 12:01:38,388 *** Listening on workspaces-library_management-frappe-bench:short, workspaces-library_management-frappe-bench:default, workspaces-library_management-frappe-bench:long...
2025-05-14 12:01:38,389 Cleaning registries for queue: workspaces-library_management-frappe-bench:short
2025-05-14 12:01:38,391 Cleaning registries for queue: workspaces-library_management-frappe-bench:default
2025-05-14 12:01:38,398 Cleaning registries for queue: workspaces-library_management-frappe-bench:long
2025-05-14 12:03:06,617 Worker 5cd40b008072409b9888e5c8c6574c9f [PID 15947]: warm shut down requested
2025-05-14 12:03:06,622 Unsubscribing from channel rq:pubsub:5cd40b008072409b9888e5c8c6574c9f
2025-05-14 12:03:14,028 Worker rq:worker:f0ebc3ee8075419ca5b7793062143e68 started with PID 17228, version 1.15.1
2025-05-14 12:03:14,030 Subscribing to channel rq:pubsub:f0ebc3ee8075419ca5b7793062143e68
2025-05-14 12:03:14,042 *** Listening on workspaces-library_management-frappe-bench:short, workspaces-library_management-frappe-bench:default, workspaces-library_management-frappe-bench:long...
2025-05-14 12:03:14,048 Cleaning registries for queue: workspaces-library_management-frappe-bench:short
2025-05-14 12:03:14,062 Cleaning registries for queue: workspaces-library_management-frappe-bench:default
2025-05-14 12:03:14,076 Cleaning registries for queue: workspaces-library_management-frappe-bench:long
2025-05-14 12:07:54,719 Worker f0ebc3ee8075419ca5b7793062143e68 [PID 17228]: warm shut down requested
2025-05-14 12:07:54,723 Unsubscribing from channel rq:pubsub:f0ebc3ee8075419ca5b7793062143e68
2025-05-14 12:08:43,778 Worker rq:worker:57994ab8a82d4965a57b19c137f5c4e1 started with PID 20709, version 1.15.1
2025-05-14 12:08:43,779 Subscribing to channel rq:pubsub:57994ab8a82d4965a57b19c137f5c4e1
2025-05-14 12:08:43,781 *** Listening on workspaces-library_management-frappe-bench:short, workspaces-library_management-frappe-bench:default, workspaces-library_management-frappe-bench:long...
2025-05-14 12:08:43,782 Cleaning registries for queue: workspaces-library_management-frappe-bench:short
2025-05-14 12:08:43,783 Cleaning registries for queue: workspaces-library_management-frappe-bench:default
2025-05-14 12:08:43,785 Cleaning registries for queue: workspaces-library_management-frappe-bench:long
2025-05-14 12:10:27,936 Worker 57994ab8a82d4965a57b19c137f5c4e1 [PID 20709]: warm shut down requested
2025-05-14 12:10:27,980 Unsubscribing from channel rq:pubsub:57994ab8a82d4965a57b19c137f5c4e1
2025-05-14 12:10:35,142 Worker rq:worker:4fae353f0b994f8e9c4457852229557a started with PID 22388, version 1.15.1
2025-05-14 12:10:35,144 Subscribing to channel rq:pubsub:4fae353f0b994f8e9c4457852229557a
2025-05-14 12:10:35,153 *** Listening on workspaces-library_management-frappe-bench:short, workspaces-library_management-frappe-bench:default, workspaces-library_management-frappe-bench:long...
2025-05-14 12:10:35,159 Cleaning registries for queue: workspaces-library_management-frappe-bench:short
2025-05-14 12:10:35,178 Cleaning registries for queue: workspaces-library_management-frappe-bench:default
2025-05-14 12:10:35,190 Cleaning registries for queue: workspaces-library_management-frappe-bench:long
2025-05-14 12:11:41,904 Worker 4fae353f0b994f8e9c4457852229557a [PID 22388]: warm shut down requested
2025-05-14 12:11:41,917 Unsubscribing from channel rq:pubsub:4fae353f0b994f8e9c4457852229557a
2025-05-14 12:11:49,895 Worker rq:worker:8c27a79f61bb4299a6690346f95840db started with PID 23497, version 1.15.1
2025-05-14 12:11:49,898 Subscribing to channel rq:pubsub:8c27a79f61bb4299a6690346f95840db
2025-05-14 12:11:49,900 *** Listening on workspaces-library_management-frappe-bench:short, workspaces-library_management-frappe-bench:default, workspaces-library_management-frappe-bench:long...
2025-05-14 12:11:49,901 Cleaning registries for queue: workspaces-library_management-frappe-bench:short
2025-05-14 12:11:49,903 Cleaning registries for queue: workspaces-library_management-frappe-bench:default
2025-05-14 12:11:49,904 Cleaning registries for queue: workspaces-library_management-frappe-bench:long
2025-05-14 12:12:48,319 Worker 8c27a79f61bb4299a6690346f95840db [PID 23497]: warm shut down requested
2025-05-14 12:12:48,327 Unsubscribing from channel rq:pubsub:8c27a79f61bb4299a6690346f95840db
2025-05-14 12:18:14,528 Worker rq:worker:cad2b74d58f34e6abe505b48fbbfcdbe started with PID 27135, version 1.15.1
2025-05-14 12:18:14,528 Subscribing to channel rq:pubsub:cad2b74d58f34e6abe505b48fbbfcdbe
2025-05-14 12:18:14,534 *** Listening on workspaces-library_management-frappe-bench:short, workspaces-library_management-frappe-bench:default, workspaces-library_management-frappe-bench:long...
2025-05-14 12:18:14,535 Cleaning registries for queue: workspaces-library_management-frappe-bench:short
2025-05-14 12:18:14,536 Cleaning registries for queue: workspaces-library_management-frappe-bench:default
2025-05-14 12:18:14,541 Cleaning registries for queue: workspaces-library_management-frappe-bench:long
2025-05-14 12:33:01,093 Worker rq:worker:6c813a484ec84622b3e31093e6f0f90a started with PID 36472, version 1.15.1
2025-05-14 12:33:01,095 Subscribing to channel rq:pubsub:6c813a484ec84622b3e31093e6f0f90a
2025-05-14 12:33:01,100 *** Listening on workspaces-library_management-frappe-bench:short, workspaces-library_management-frappe-bench:default, workspaces-library_management-frappe-bench:long...
2025-05-14 12:33:01,102 Cleaning registries for queue: workspaces-library_management-frappe-bench:short
2025-05-14 12:33:01,115 Cleaning registries for queue: workspaces-library_management-frappe-bench:default
2025-05-14 12:33:01,117 Cleaning registries for queue: workspaces-library_management-frappe-bench:long
2025-05-14 12:33:01,512 Worker 6c813a484ec84622b3e31093e6f0f90a [PID 36472]: warm shut down requested
2025-05-14 12:33:01,516 Unsubscribing from channel rq:pubsub:6c813a484ec84622b3e31093e6f0f90a
2025-05-14 12:36:17,438 Worker rq:worker:2e406d1c9abe489cbef0064eeb02e2a2 started with PID 38126, version 1.15.1
2025-05-14 12:36:17,441 Subscribing to channel rq:pubsub:2e406d1c9abe489cbef0064eeb02e2a2
2025-05-14 12:36:17,466 *** Listening on workspaces-library_management-frappe-bench:short, workspaces-library_management-frappe-bench:default, workspaces-library_management-frappe-bench:long...
2025-05-14 12:36:17,467 Cleaning registries for queue: workspaces-library_management-frappe-bench:short
2025-05-14 12:36:17,469 Cleaning registries for queue: workspaces-library_management-frappe-bench:default
2025-05-14 12:36:17,470 Cleaning registries for queue: workspaces-library_management-frappe-bench:long
2025-05-14 12:36:18,060 Worker 2e406d1c9abe489cbef0064eeb02e2a2 [PID 38126]: warm shut down requested
2025-05-14 12:36:18,067 Unsubscribing from channel rq:pubsub:2e406d1c9abe489cbef0064eeb02e2a2
2025-05-14 12:42:31,098 Cleaning registries for queue: workspaces-library_management-frappe-bench:short
2025-05-14 12:42:31,100 Cleaning registries for queue: workspaces-library_management-frappe-bench:default
2025-05-14 12:42:31,101 Cleaning registries for queue: workspaces-library_management-frappe-bench:long
2025-05-14 12:45:12,968 Worker rq:worker:5afbd4cd0e734d21be60daa5a0b01d9b started with PID 44056, version 1.15.1
2025-05-14 12:45:12,968 Subscribing to channel rq:pubsub:5afbd4cd0e734d21be60daa5a0b01d9b
2025-05-14 12:45:12,980 *** Listening on workspaces-library_management-frappe-bench:short, workspaces-library_management-frappe-bench:default, workspaces-library_management-frappe-bench:long...
2025-05-14 12:45:12,986 Cleaning registries for queue: workspaces-library_management-frappe-bench:short
2025-05-14 12:45:12,996 Cleaning registries for queue: workspaces-library_management-frappe-bench:default
2025-05-14 12:45:13,016 Cleaning registries for queue: workspaces-library_management-frappe-bench:long
2025-05-14 12:46:46,459 Worker 5afbd4cd0e734d21be60daa5a0b01d9b [PID 44056]: warm shut down requested
2025-05-14 12:46:46,462 Unsubscribing from channel rq:pubsub:5afbd4cd0e734d21be60daa5a0b01d9b
2025-05-14 12:51:46,440 Worker rq:worker:4ae4faf84aca4fa7a29bc537601474db started with PID 48527, version 1.15.1
2025-05-14 12:51:46,442 Subscribing to channel rq:pubsub:4ae4faf84aca4fa7a29bc537601474db
2025-05-14 12:51:46,459 *** Listening on workspaces-library_management-frappe-bench:short, workspaces-library_management-frappe-bench:default, workspaces-library_management-frappe-bench:long...
2025-05-14 12:51:46,464 Cleaning registries for queue: workspaces-library_management-frappe-bench:short
2025-05-14 12:51:46,478 Cleaning registries for queue: workspaces-library_management-frappe-bench:default
2025-05-14 12:51:46,489 Cleaning registries for queue: workspaces-library_management-frappe-bench:long
2025-05-14 12:52:37,918 Worker 4ae4faf84aca4fa7a29bc537601474db [PID 48527]: warm shut down requested
2025-05-14 12:52:37,932 Unsubscribing from channel rq:pubsub:4ae4faf84aca4fa7a29bc537601474db
2025-05-14 12:52:43,679 Worker rq:worker:f252be4c0e5c467ab3c24a0bce37a4ce started with PID 49784, version 1.15.1
2025-05-14 12:52:43,681 Subscribing to channel rq:pubsub:f252be4c0e5c467ab3c24a0bce37a4ce
2025-05-14 12:52:43,693 *** Listening on workspaces-library_management-frappe-bench:short, workspaces-library_management-frappe-bench:default, workspaces-library_management-frappe-bench:long...
2025-05-14 12:52:43,699 Cleaning registries for queue: workspaces-library_management-frappe-bench:short
2025-05-14 12:52:43,711 Cleaning registries for queue: workspaces-library_management-frappe-bench:default
2025-05-14 12:52:43,726 Cleaning registries for queue: workspaces-library_management-frappe-bench:long
2025-05-14 12:54:18,249 Worker f252be4c0e5c467ab3c24a0bce37a4ce [PID 49784]: warm shut down requested
2025-05-14 12:54:18,261 Unsubscribing from channel rq:pubsub:f252be4c0e5c467ab3c24a0bce37a4ce
2025-05-14 12:57:31,769 Worker rq:worker:c29ef7d99b554450ba8837d7af1a906b started with PID 53083, version 1.15.1
2025-05-14 12:57:31,771 Subscribing to channel rq:pubsub:c29ef7d99b554450ba8837d7af1a906b
2025-05-14 12:57:31,775 *** Listening on workspaces-library_management-frappe-bench:short, workspaces-library_management-frappe-bench:default, workspaces-library_management-frappe-bench:long...
2025-05-14 12:57:31,775 Cleaning registries for queue: workspaces-library_management-frappe-bench:short
2025-05-14 12:57:31,777 Cleaning registries for queue: workspaces-library_management-frappe-bench:default
2025-05-14 12:57:31,778 Cleaning registries for queue: workspaces-library_management-frappe-bench:long
2025-05-14 13:07:18,103 workspaces-library_management-frappe-bench:default: frappe.utils.background_jobs.execute_job(event=None, is_async=True, job_name='frappe.core.doctype.user.user.create_contact', kwargs={'user': <User: aditilistic@gmail.com>, 'ignore_mandatory': True}, method='frappe.core.doctype.user.user.create_contact', site='dev.localhost', user='Administrator') (dev.localhost::70b163b6-6018-48c0-afe9-3b6295e5fc36)
2025-05-14 13:07:19,105 workspaces-library_management-frappe-bench:default: Job OK (dev.localhost::70b163b6-6018-48c0-afe9-3b6295e5fc36)
2025-05-14 13:07:19,105 Result is kept for 600 seconds
2025-05-14 13:07:19,114 workspaces-library_management-frappe-bench:default: frappe.utils.background_jobs.execute_job(event=None, is_async=True, job_name='frappe.core.doctype.user.user.update_gravatar', kwargs={'name': 'aditilistic@gmail.com'}, method='frappe.core.doctype.user.user.update_gravatar', site='dev.localhost', user='Administrator') (dev.localhost::6d90d90b-f827-4717-863e-1d355c60b4a6)
2025-05-14 13:07:19,401 workspaces-library_management-frappe-bench:default: Job OK (dev.localhost::6d90d90b-f827-4717-863e-1d355c60b4a6)
2025-05-14 13:07:19,401 Result is kept for 600 seconds
2025-05-14 13:07:32,496 workspaces-library_management-frappe-bench:default: frappe.utils.background_jobs.execute_job(event=None, is_async=True, job_name='frappe.core.doctype.scheduled_job_type.scheduled_job_type.run_scheduled_jo..., kwargs={'job_type': 'frappe.integrations.doctype.google_calendar.google_calendar.s..., method='frappe.core.doctype.scheduled_job_type.scheduled_job_type.run_scheduled_jo..., site='dev.localhost', user='Administrator') (dev.localhost::scheduled_job::frappe.integrations.doctype.google_calendar.google_calendar.sync)
2025-05-14 13:07:33,028 workspaces-library_management-frappe-bench:default: Job OK (dev.localhost::scheduled_job::frappe.integrations.doctype.google_calendar.google_calendar.sync)
2025-05-14 13:07:33,028 Result is kept for 600 seconds
2025-05-14 13:07:33,036 workspaces-library_management-frappe-bench:default: frappe.utils.background_jobs.execute_job(event=None, is_async=True, job_name='frappe.core.doctype.scheduled_job_type.scheduled_job_type.run_scheduled_jo..., kwargs={'job_type': 'frappe.email.doctype.email_account.email_account.pull'}, method='frappe.core.doctype.scheduled_job_type.scheduled_job_type.run_scheduled_jo..., site='dev.localhost', user='Administrator') (dev.localhost::scheduled_job::frappe.email.doctype.email_account.email_account.pull)
2025-05-14 13:07:33,353 workspaces-library_management-frappe-bench:default: Job OK (dev.localhost::scheduled_job::frappe.email.doctype.email_account.email_account.pull)
2025-05-14 13:07:33,353 Result is kept for 600 seconds
2025-05-14 13:07:33,361 workspaces-library_management-frappe-bench:default: frappe.utils.background_jobs.execute_job(event=None, is_async=True, job_name='frappe.core.doctype.scheduled_job_type.scheduled_job_type.run_scheduled_jo..., kwargs={'job_type': 'frappe.utils.global_search.sync_global_search'}, method='frappe.core.doctype.scheduled_job_type.scheduled_job_type.run_scheduled_jo..., site='dev.localhost', user='Administrator') (dev.localhost::scheduled_job::frappe.utils.global_search.sync_global_search)
2025-05-14 13:07:33,739 workspaces-library_management-frappe-bench:default: Job OK (dev.localhost::scheduled_job::frappe.utils.global_search.sync_global_search)
2025-05-14 13:07:33,740 Result is kept for 600 seconds
2025-05-14 13:07:33,747 workspaces-library_management-frappe-bench:default: frappe.utils.background_jobs.execute_job(event=None, is_async=True, job_name='frappe.core.doctype.scheduled_job_type.scheduled_job_type.run_scheduled_jo..., kwargs={'job_type': 'frappe.oauth.delete_oauth2_data'}, method='frappe.core.doctype.scheduled_job_type.scheduled_job_type.run_scheduled_jo..., site='dev.localhost', user='Administrator') (dev.localhost::scheduled_job::frappe.oauth.delete_oauth2_data)
2025-05-14 13:07:34,089 workspaces-library_management-frappe-bench:default: Job OK (dev.localhost::scheduled_job::frappe.oauth.delete_oauth2_data)
2025-05-14 13:07:34,089 Result is kept for 600 seconds
2025-05-14 13:07:34,096 workspaces-library_management-frappe-bench:default: frappe.utils.background_jobs.execute_job(event=None, is_async=True, job_name='frappe.core.doctype.scheduled_job_type.scheduled_job_type.run_scheduled_jo..., kwargs={'job_type': 'frappe.deferred_insert.save_to_db'}, method='frappe.core.doctype.scheduled_job_type.scheduled_job_type.run_scheduled_jo..., site='dev.localhost', user='Administrator') (dev.localhost::scheduled_job::frappe.deferred_insert.save_to_db)
2025-05-14 13:07:34,432 workspaces-library_management-frappe-bench:default: Job OK (dev.localhost::scheduled_job::frappe.deferred_insert.save_to_db)
2025-05-14 13:07:34,432 Result is kept for 600 seconds
2025-05-14 13:07:34,438 workspaces-library_management-frappe-bench:default: frappe.utils.background_jobs.execute_job(event=None, is_async=True, job_name='frappe.core.doctype.scheduled_job_type.scheduled_job_type.run_scheduled_jo..., kwargs={'job_type': 'frappe.twofactor.delete_all_barcodes_for_users'}, method='frappe.core.doctype.scheduled_job_type.scheduled_job_type.run_scheduled_jo..., site='dev.localhost', user='Administrator') (dev.localhost::scheduled_job::frappe.twofactor.delete_all_barcodes_for_users)
2025-05-14 13:07:34,789 workspaces-library_management-frappe-bench:default: Job OK (dev.localhost::scheduled_job::frappe.twofactor.delete_all_barcodes_for_users)
2025-05-14 13:07:34,789 Result is kept for 600 seconds
2025-05-14 13:07:34,795 workspaces-library_management-frappe-bench:default: frappe.utils.background_jobs.execute_job(event=None, is_async=True, job_name='frappe.core.doctype.scheduled_job_type.scheduled_job_type.run_scheduled_jo..., kwargs={'job_type': 'frappe.email.doctype.email_account.email_account.notify_unrep..., method='frappe.core.doctype.scheduled_job_type.scheduled_job_type.run_scheduled_jo..., site='dev.localhost', user='Administrator') (dev.localhost::scheduled_job::frappe.email.doctype.email_account.email_account.notify_unreplied)
2025-05-14 13:07:35,218 workspaces-library_management-frappe-bench:default: Job OK (dev.localhost::scheduled_job::frappe.email.doctype.email_account.email_account.notify_unreplied)
2025-05-14 13:07:35,219 Result is kept for 600 seconds
2025-05-14 13:07:35,227 workspaces-library_management-frappe-bench:default: frappe.utils.background_jobs.execute_job(event=None, is_async=True, job_name='frappe.core.doctype.scheduled_job_type.scheduled_job_type.run_scheduled_jo..., kwargs={'job_type': 'frappe.monitor.flush'}, method='frappe.core.doctype.scheduled_job_type.scheduled_job_type.run_scheduled_jo..., site='dev.localhost', user='Administrator') (dev.localhost::scheduled_job::frappe.monitor.flush)
2025-05-14 13:07:35,645 workspaces-library_management-frappe-bench:default: Job OK (dev.localhost::scheduled_job::frappe.monitor.flush)
2025-05-14 13:07:35,646 Result is kept for 600 seconds
2025-05-14 13:07:35,652 workspaces-library_management-frappe-bench:default: frappe.utils.background_jobs.execute_job(event=None, is_async=True, job_name='frappe.core.doctype.scheduled_job_type.scheduled_job_type.run_scheduled_jo..., kwargs={'job_type': 'frappe.email.queue.flush'}, method='frappe.core.doctype.scheduled_job_type.scheduled_job_type.run_scheduled_jo..., site='dev.localhost', user='Administrator') (dev.localhost::scheduled_job::frappe.email.queue.flush)
2025-05-14 13:07:36,085 workspaces-library_management-frappe-bench:default: Job OK (dev.localhost::scheduled_job::frappe.email.queue.flush)
2025-05-14 13:07:36,085 Result is kept for 600 seconds
2025-05-14 13:07:36,092 workspaces-library_management-frappe-bench:default: frappe.utils.background_jobs.execute_job(event=None, is_async=True, job_name='frappe.core.doctype.scheduled_job_type.scheduled_job_type.run_scheduled_jo..., kwargs={'job_type': 'frappe.automation.doctype.reminder.reminder.send_reminders'}, method='frappe.core.doctype.scheduled_job_type.scheduled_job_type.run_scheduled_jo..., site='dev.localhost', user='Administrator') (dev.localhost::scheduled_job::frappe.automation.doctype.reminder.reminder.send_reminders)
2025-05-14 13:07:36,446 workspaces-library_management-frappe-bench:default: Job OK (dev.localhost::scheduled_job::frappe.automation.doctype.reminder.reminder.send_reminders)
2025-05-14 13:07:36,446 Result is kept for 600 seconds
2025-05-14 13:07:36,453 workspaces-library_management-frappe-bench:default: frappe.utils.background_jobs.execute_job(event=None, is_async=True, job_name='frappe.core.doctype.scheduled_job_type.scheduled_job_type.run_scheduled_jo..., kwargs={'job_type': 'frappe.core.doctype.prepared_report.prepared_report.expire_st..., method='frappe.core.doctype.scheduled_job_type.scheduled_job_type.run_scheduled_jo..., site='dev.localhost', user='Administrator') (dev.localhost::scheduled_job::frappe.core.doctype.prepared_report.prepared_report.expire_stalled_report)
2025-05-14 13:07:36,769 workspaces-library_management-frappe-bench:default: Job OK (dev.localhost::scheduled_job::frappe.core.doctype.prepared_report.prepared_report.expire_stalled_report)
2025-05-14 13:07:36,769 Result is kept for 600 seconds
2025-05-14 13:07:36,775 workspaces-library_management-frappe-bench:default: frappe.utils.background_jobs.execute_job(event=None, is_async=True, job_name='frappe.core.doctype.scheduled_job_type.scheduled_job_type.run_scheduled_jo..., kwargs={'job_type': 'frappe.website.doctype.web_page.web_page.check_publish_status..., method='frappe.core.doctype.scheduled_job_type.scheduled_job_type.run_scheduled_jo..., site='dev.localhost', user='Administrator') (dev.localhost::scheduled_job::frappe.website.doctype.web_page.web_page.check_publish_status)
2025-05-14 13:07:37,174 workspaces-library_management-frappe-bench:default: Job OK (dev.localhost::scheduled_job::frappe.website.doctype.web_page.web_page.check_publish_status)
2025-05-14 13:07:37,174 Result is kept for 600 seconds
2025-05-14 13:09:29,245 Worker c29ef7d99b554450ba8837d7af1a906b [PID 53083]: warm shut down requested
2025-05-14 13:09:29,255 Unsubscribing from channel rq:pubsub:c29ef7d99b554450ba8837d7af1a906b
2025-05-14 13:09:39,804 Worker rq:worker:da4f412a04b24a35baca37eeea62c8af started with PID 60811, version 1.15.1
2025-05-14 13:09:39,804 Subscribing to channel rq:pubsub:da4f412a04b24a35baca37eeea62c8af
2025-05-14 13:09:39,807 *** Listening on workspaces-library_management-frappe-bench:short, workspaces-library_management-frappe-bench:default, workspaces-library_management-frappe-bench:long...
2025-05-14 13:09:39,809 Cleaning registries for queue: workspaces-library_management-frappe-bench:short
2025-05-14 13:09:39,821 Cleaning registries for queue: workspaces-library_management-frappe-bench:default
2025-05-14 13:09:39,833 Cleaning registries for queue: workspaces-library_management-frappe-bench:long
2025-05-14 13:10:40,610 workspaces-library_management-frappe-bench:default: frappe.utils.background_jobs.execute_job(event=None, is_async=True, job_name='frappe.core.doctype.scheduled_job_type.scheduled_job_type.run_scheduled_jo..., kwargs={'job_type': 'frappe.email.doctype.email_account.email_account.pull'}, method='frappe.core.doctype.scheduled_job_type.scheduled_job_type.run_scheduled_jo..., site='dev.localhost', user='Administrator') (dev.localhost::scheduled_job::frappe.email.doctype.email_account.email_account.pull)
2025-05-14 13:10:41,101 workspaces-library_management-frappe-bench:default: Job OK (dev.localhost::scheduled_job::frappe.email.doctype.email_account.email_account.pull)
2025-05-14 13:10:41,101 Result is kept for 600 seconds
2025-05-14 13:10:41,121 workspaces-library_management-frappe-bench:default: frappe.utils.background_jobs.execute_job(event=None, is_async=True, job_name='frappe.core.doctype.scheduled_job_type.scheduled_job_type.run_scheduled_jo..., kwargs={'job_type': 'frappe.integrations.doctype.google_calendar.google_calendar.s..., method='frappe.core.doctype.scheduled_job_type.scheduled_job_type.run_scheduled_jo..., site='dev.localhost', user='Administrator') (dev.localhost::scheduled_job::frappe.integrations.doctype.google_calendar.google_calendar.sync)
2025-05-14 13:10:41,588 workspaces-library_management-frappe-bench:default: Job OK (dev.localhost::scheduled_job::frappe.integrations.doctype.google_calendar.google_calendar.sync)
2025-05-14 13:10:41,588 Result is kept for 600 seconds
2025-05-14 13:10:41,597 workspaces-library_management-frappe-bench:default: frappe.utils.background_jobs.execute_job(event=None, is_async=True, job_name='frappe.core.doctype.scheduled_job_type.scheduled_job_type.run_scheduled_jo..., kwargs={'job_type': 'frappe.email.queue.flush'}, method='frappe.core.doctype.scheduled_job_type.scheduled_job_type.run_scheduled_jo..., site='dev.localhost', user='Administrator') (dev.localhost::scheduled_job::frappe.email.queue.flush)
2025-05-14 13:10:42,021 workspaces-library_management-frappe-bench:default: Job OK (dev.localhost::scheduled_job::frappe.email.queue.flush)
2025-05-14 13:10:42,022 Result is kept for 600 seconds
2025-05-14 13:10:42,029 workspaces-library_management-frappe-bench:default: frappe.utils.background_jobs.execute_job(event=None, is_async=True, job_name='frappe.core.doctype.scheduled_job_type.scheduled_job_type.run_scheduled_jo..., kwargs={'job_type': 'frappe.monitor.flush'}, method='frappe.core.doctype.scheduled_job_type.scheduled_job_type.run_scheduled_jo..., site='dev.localhost', user='Administrator') (dev.localhost::scheduled_job::frappe.monitor.flush)
2025-05-14 13:10:42,349 workspaces-library_management-frappe-bench:default: Job OK (dev.localhost::scheduled_job::frappe.monitor.flush)
2025-05-14 13:10:42,350 Result is kept for 600 seconds
2025-05-14 13:14:40,748 workspaces-library_management-frappe-bench:default: frappe.utils.background_jobs.execute_job(event=None, is_async=True, job_name='frappe.core.doctype.scheduled_job_type.scheduled_job_type.run_scheduled_jo..., kwargs={'job_type': 'frappe.monitor.flush'}, method='frappe.core.doctype.scheduled_job_type.scheduled_job_type.run_scheduled_jo..., site='dev.localhost', user='Administrator') (dev.localhost::scheduled_job::frappe.monitor.flush)
2025-05-14 13:14:41,111 workspaces-library_management-frappe-bench:default: Job OK (dev.localhost::scheduled_job::frappe.monitor.flush)
2025-05-14 13:14:41,111 Result is kept for 600 seconds
2025-05-14 13:14:41,118 workspaces-library_management-frappe-bench:default: frappe.utils.background_jobs.execute_job(event=None, is_async=True, job_name='frappe.core.doctype.scheduled_job_type.scheduled_job_type.run_scheduled_jo..., kwargs={'job_type': 'frappe.email.queue.flush'}, method='frappe.core.doctype.scheduled_job_type.scheduled_job_type.run_scheduled_jo..., site='dev.localhost', user='Administrator') (dev.localhost::scheduled_job::frappe.email.queue.flush)
2025-05-14 13:14:41,493 workspaces-library_management-frappe-bench:default: Job OK (dev.localhost::scheduled_job::frappe.email.queue.flush)
2025-05-14 13:14:41,493 Result is kept for 600 seconds
2025-05-14 13:14:41,501 workspaces-library_management-frappe-bench:default: frappe.utils.background_jobs.execute_job(event=None, is_async=True, job_name='frappe.core.doctype.scheduled_job_type.scheduled_job_type.run_scheduled_jo..., kwargs={'job_type': 'frappe.integrations.doctype.google_calendar.google_calendar.s..., method='frappe.core.doctype.scheduled_job_type.scheduled_job_type.run_scheduled_jo..., site='dev.localhost', user='Administrator') (dev.localhost::scheduled_job::frappe.integrations.doctype.google_calendar.google_calendar.sync)
2025-05-14 13:14:41,959 workspaces-library_management-frappe-bench:default: Job OK (dev.localhost::scheduled_job::frappe.integrations.doctype.google_calendar.google_calendar.sync)
2025-05-14 13:14:41,959 Result is kept for 600 seconds
2025-05-14 13:15:40,799 workspaces-library_management-frappe-bench:default: frappe.utils.background_jobs.execute_job(event=None, is_async=True, job_name='frappe.core.doctype.scheduled_job_type.scheduled_job_type.run_scheduled_jo..., kwargs={'job_type': 'frappe.deferred_insert.save_to_db'}, method='frappe.core.doctype.scheduled_job_type.scheduled_job_type.run_scheduled_jo..., site='dev.localhost', user='Administrator') (dev.localhost::scheduled_job::frappe.deferred_insert.save_to_db)
2025-05-14 13:15:41,234 workspaces-library_management-frappe-bench:default: Job OK (dev.localhost::scheduled_job::frappe.deferred_insert.save_to_db)
2025-05-14 13:15:41,234 Result is kept for 600 seconds
2025-05-14 13:15:41,240 workspaces-library_management-frappe-bench:default: frappe.utils.background_jobs.execute_job(event=None, is_async=True, job_name='frappe.core.doctype.scheduled_job_type.scheduled_job_type.run_scheduled_jo..., kwargs={'job_type': 'frappe.utils.global_search.sync_global_search'}, method='frappe.core.doctype.scheduled_job_type.scheduled_job_type.run_scheduled_jo..., site='dev.localhost', user='Administrator') (dev.localhost::scheduled_job::frappe.utils.global_search.sync_global_search)
2025-05-14 13:15:41,612 workspaces-library_management-frappe-bench:default: Job OK (dev.localhost::scheduled_job::frappe.utils.global_search.sync_global_search)
2025-05-14 13:15:41,612 Result is kept for 600 seconds
2025-05-14 13:15:41,618 workspaces-library_management-frappe-bench:default: frappe.utils.background_jobs.execute_job(event=None, is_async=True, job_name='frappe.core.doctype.scheduled_job_type.scheduled_job_type.run_scheduled_jo..., kwargs={'job_type': 'frappe.oauth.delete_oauth2_data'}, method='frappe.core.doctype.scheduled_job_type.scheduled_job_type.run_scheduled_jo..., site='dev.localhost', user='Administrator') (dev.localhost::scheduled_job::frappe.oauth.delete_oauth2_data)
2025-05-14 13:15:41,985 workspaces-library_management-frappe-bench:default: Job OK (dev.localhost::scheduled_job::frappe.oauth.delete_oauth2_data)
2025-05-14 13:15:41,985 Result is kept for 600 seconds
2025-05-14 13:15:41,991 workspaces-library_management-frappe-bench:default: frappe.utils.background_jobs.execute_job(event=None, is_async=True, job_name='frappe.core.doctype.scheduled_job_type.scheduled_job_type.run_scheduled_jo..., kwargs={'job_type': 'frappe.twofactor.delete_all_barcodes_for_users'}, method='frappe.core.doctype.scheduled_job_type.scheduled_job_type.run_scheduled_jo..., site='dev.localhost', user='Administrator') (dev.localhost::scheduled_job::frappe.twofactor.delete_all_barcodes_for_users)
2025-05-14 13:15:42,332 workspaces-library_management-frappe-bench:default: Job OK (dev.localhost::scheduled_job::frappe.twofactor.delete_all_barcodes_for_users)
2025-05-14 13:15:42,332 Result is kept for 600 seconds
2025-05-14 13:15:42,338 workspaces-library_management-frappe-bench:default: frappe.utils.background_jobs.execute_job(event=None, is_async=True, job_name='frappe.core.doctype.scheduled_job_type.scheduled_job_type.run_scheduled_jo..., kwargs={'job_type': 'frappe.website.doctype.web_page.web_page.check_publish_status..., method='frappe.core.doctype.scheduled_job_type.scheduled_job_type.run_scheduled_jo..., site='dev.localhost', user='Administrator') (dev.localhost::scheduled_job::frappe.website.doctype.web_page.web_page.check_publish_status)
2025-05-14 13:15:42,734 workspaces-library_management-frappe-bench:default: Job OK (dev.localhost::scheduled_job::frappe.website.doctype.web_page.web_page.check_publish_status)
2025-05-14 13:15:42,734 Result is kept for 600 seconds
2025-05-14 13:15:42,741 workspaces-library_management-frappe-bench:default: frappe.utils.background_jobs.execute_job(event=None, is_async=True, job_name='frappe.core.doctype.scheduled_job_type.scheduled_job_type.run_scheduled_jo..., kwargs={'job_type': 'frappe.automation.doctype.reminder.reminder.send_reminders'}, method='frappe.core.doctype.scheduled_job_type.scheduled_job_type.run_scheduled_jo..., site='dev.localhost', user='Administrator') (dev.localhost::scheduled_job::frappe.automation.doctype.reminder.reminder.send_reminders)
2025-05-14 13:15:43,111 workspaces-library_management-frappe-bench:default: Job OK (dev.localhost::scheduled_job::frappe.automation.doctype.reminder.reminder.send_reminders)
2025-05-14 13:15:43,112 Result is kept for 600 seconds
2025-05-14 13:15:43,118 workspaces-library_management-frappe-bench:default: frappe.utils.background_jobs.execute_job(event=None, is_async=True, job_name='frappe.core.doctype.scheduled_job_type.scheduled_job_type.run_scheduled_jo..., kwargs={'job_type': 'frappe.email.doctype.email_account.email_account.notify_unrep..., method='frappe.core.doctype.scheduled_job_type.scheduled_job_type.run_scheduled_jo..., site='dev.localhost', user='Administrator') (dev.localhost::scheduled_job::frappe.email.doctype.email_account.email_account.notify_unreplied)
2025-05-14 13:15:43,673 workspaces-library_management-frappe-bench:default: Job OK (dev.localhost::scheduled_job::frappe.email.doctype.email_account.email_account.notify_unreplied)
2025-05-14 13:15:43,673 Result is kept for 600 seconds
2025-05-14 13:18:40,940 workspaces-library_management-frappe-bench:default: frappe.utils.background_jobs.execute_job(event=None, is_async=True, job_name='frappe.core.doctype.scheduled_job_type.scheduled_job_type.run_scheduled_jo..., kwargs={'job_type': 'frappe.integrations.doctype.google_calendar.google_calendar.s..., method='frappe.core.doctype.scheduled_job_type.scheduled_job_type.run_scheduled_jo..., site='dev.localhost', user='Administrator') (dev.localhost::scheduled_job::frappe.integrations.doctype.google_calendar.google_calendar.sync)
2025-05-14 13:18:41,410 workspaces-library_management-frappe-bench:default: Job OK (dev.localhost::scheduled_job::frappe.integrations.doctype.google_calendar.google_calendar.sync)
2025-05-14 13:18:41,410 Result is kept for 600 seconds
2025-05-14 13:18:41,418 workspaces-library_management-frappe-bench:default: frappe.utils.background_jobs.execute_job(event=None, is_async=True, job_name='frappe.core.doctype.scheduled_job_type.scheduled_job_type.run_scheduled_jo..., kwargs={'job_type': 'frappe.monitor.flush'}, method='frappe.core.doctype.scheduled_job_type.scheduled_job_type.run_scheduled_jo..., site='dev.localhost', user='Administrator') (dev.localhost::scheduled_job::frappe.monitor.flush)
2025-05-14 13:18:41,753 workspaces-library_management-frappe-bench:default: Job OK (dev.localhost::scheduled_job::frappe.monitor.flush)
2025-05-14 13:18:41,753 Result is kept for 600 seconds
2025-05-14 13:18:41,759 workspaces-library_management-frappe-bench:default: frappe.utils.background_jobs.execute_job(event=None, is_async=True, job_name='frappe.core.doctype.scheduled_job_type.scheduled_job_type.run_scheduled_jo..., kwargs={'job_type': 'frappe.email.queue.flush'}, method='frappe.core.doctype.scheduled_job_type.scheduled_job_type.run_scheduled_jo..., site='dev.localhost', user='Administrator') (dev.localhost::scheduled_job::frappe.email.queue.flush)
2025-05-14 13:18:42,165 workspaces-library_management-frappe-bench:default: Job OK (dev.localhost::scheduled_job::frappe.email.queue.flush)
2025-05-14 13:18:42,166 Result is kept for 600 seconds
2025-05-14 13:20:41,064 workspaces-library_management-frappe-bench:default: frappe.utils.background_jobs.execute_job(event=None, is_async=True, job_name='frappe.core.doctype.scheduled_job_type.scheduled_job_type.run_scheduled_jo..., kwargs={'job_type': 'frappe.email.doctype.email_account.email_account.pull'}, method='frappe.core.doctype.scheduled_job_type.scheduled_job_type.run_scheduled_jo..., site='dev.localhost', user='Administrator') (dev.localhost::scheduled_job::frappe.email.doctype.email_account.email_account.pull)
2025-05-14 13:20:41,393 workspaces-library_management-frappe-bench:default: Job OK (dev.localhost::scheduled_job::frappe.email.doctype.email_account.email_account.pull)
2025-05-14 13:20:41,393 Result is kept for 600 seconds
2025-05-14 13:22:41,137 workspaces-library_management-frappe-bench:default: frappe.utils.background_jobs.execute_job(event=None, is_async=True, job_name='frappe.core.doctype.scheduled_job_type.scheduled_job_type.run_scheduled_jo..., kwargs={'job_type': 'frappe.integrations.doctype.google_calendar.google_calendar.s..., method='frappe.core.doctype.scheduled_job_type.scheduled_job_type.run_scheduled_jo..., site='dev.localhost', user='Administrator') (dev.localhost::scheduled_job::frappe.integrations.doctype.google_calendar.google_calendar.sync)
2025-05-14 13:22:41,591 workspaces-library_management-frappe-bench:default: Job OK (dev.localhost::scheduled_job::frappe.integrations.doctype.google_calendar.google_calendar.sync)
2025-05-14 13:22:41,592 Result is kept for 600 seconds
2025-05-14 13:22:41,599 workspaces-library_management-frappe-bench:default: frappe.utils.background_jobs.execute_job(event=None, is_async=True, job_name='frappe.core.doctype.scheduled_job_type.scheduled_job_type.run_scheduled_jo..., kwargs={'job_type': 'frappe.monitor.flush'}, method='frappe.core.doctype.scheduled_job_type.scheduled_job_type.run_scheduled_jo..., site='dev.localhost', user='Administrator') (dev.localhost::scheduled_job::frappe.monitor.flush)
2025-05-14 13:22:41,896 workspaces-library_management-frappe-bench:default: Job OK (dev.localhost::scheduled_job::frappe.monitor.flush)
2025-05-14 13:22:41,896 Result is kept for 600 seconds
2025-05-14 13:22:41,902 workspaces-library_management-frappe-bench:default: frappe.utils.background_jobs.execute_job(event=None, is_async=True, job_name='frappe.core.doctype.scheduled_job_type.scheduled_job_type.run_scheduled_jo..., kwargs={'job_type': 'frappe.email.queue.flush'}, method='frappe.core.doctype.scheduled_job_type.scheduled_job_type.run_scheduled_jo..., site='dev.localhost', user='Administrator') (dev.localhost::scheduled_job::frappe.email.queue.flush)
2025-05-14 13:22:42,336 workspaces-library_management-frappe-bench:default: Job OK (dev.localhost::scheduled_job::frappe.email.queue.flush)
2025-05-14 13:22:42,337 Result is kept for 600 seconds
2025-05-14 13:26:41,301 workspaces-library_management-frappe-bench:default: frappe.utils.background_jobs.execute_job(event=None, is_async=True, job_name='frappe.core.doctype.scheduled_job_type.scheduled_job_type.run_scheduled_jo..., kwargs={'job_type': 'frappe.email.queue.flush'}, method='frappe.core.doctype.scheduled_job_type.scheduled_job_type.run_scheduled_jo..., site='dev.localhost', user='Administrator') (dev.localhost::scheduled_job::frappe.email.queue.flush)
2025-05-14 13:26:41,721 workspaces-library_management-frappe-bench:default: Job OK (dev.localhost::scheduled_job::frappe.email.queue.flush)
2025-05-14 13:26:41,721 Result is kept for 600 seconds
2025-05-14 13:26:41,728 workspaces-library_management-frappe-bench:default: frappe.utils.background_jobs.execute_job(event=None, is_async=True, job_name='frappe.core.doctype.scheduled_job_type.scheduled_job_type.run_scheduled_jo..., kwargs={'job_type': 'frappe.monitor.flush'}, method='frappe.core.doctype.scheduled_job_type.scheduled_job_type.run_scheduled_jo..., site='dev.localhost', user='Administrator') (dev.localhost::scheduled_job::frappe.monitor.flush)
2025-05-14 13:26:42,033 workspaces-library_management-frappe-bench:default: Job OK (dev.localhost::scheduled_job::frappe.monitor.flush)
2025-05-14 13:26:42,033 Result is kept for 600 seconds
2025-05-14 13:26:42,040 workspaces-library_management-frappe-bench:default: frappe.utils.background_jobs.execute_job(event=None, is_async=True, job_name='frappe.core.doctype.scheduled_job_type.scheduled_job_type.run_scheduled_jo..., kwargs={'job_type': 'frappe.integrations.doctype.google_calendar.google_calendar.s..., method='frappe.core.doctype.scheduled_job_type.scheduled_job_type.run_scheduled_jo..., site='dev.localhost', user='Administrator') (dev.localhost::scheduled_job::frappe.integrations.doctype.google_calendar.google_calendar.sync)
2025-05-14 13:26:42,533 workspaces-library_management-frappe-bench:default: Job OK (dev.localhost::scheduled_job::frappe.integrations.doctype.google_calendar.google_calendar.sync)
2025-05-14 13:26:42,533 Result is kept for 600 seconds
2025-05-14 13:30:41,438 workspaces-library_management-frappe-bench:default: frappe.utils.background_jobs.execute_job(event=None, is_async=True, job_name='frappe.core.doctype.scheduled_job_type.scheduled_job_type.run_scheduled_jo..., kwargs={'job_type': 'frappe.website.doctype.web_page.web_page.check_publish_status..., method='frappe.core.doctype.scheduled_job_type.scheduled_job_type.run_scheduled_jo..., site='dev.localhost', user='Administrator') (dev.localhost::scheduled_job::frappe.website.doctype.web_page.web_page.check_publish_status)
2025-05-14 13:30:41,869 workspaces-library_management-frappe-bench:default: Job OK (dev.localhost::scheduled_job::frappe.website.doctype.web_page.web_page.check_publish_status)
2025-05-14 13:30:41,869 Result is kept for 600 seconds
2025-05-14 13:30:41,875 Cleaning registries for queue: workspaces-library_management-frappe-bench:short
2025-05-14 13:30:41,877 Cleaning registries for queue: workspaces-library_management-frappe-bench:default
2025-05-14 13:30:41,878 Cleaning registries for queue: workspaces-library_management-frappe-bench:long
2025-05-14 13:30:41,880 workspaces-library_management-frappe-bench:default: frappe.utils.background_jobs.execute_job(event=None, is_async=True, job_name='frappe.core.doctype.scheduled_job_type.scheduled_job_type.run_scheduled_jo..., kwargs={'job_type': 'frappe.oauth.delete_oauth2_data'}, method='frappe.core.doctype.scheduled_job_type.scheduled_job_type.run_scheduled_jo..., site='dev.localhost', user='Administrator') (dev.localhost::scheduled_job::frappe.oauth.delete_oauth2_data)
2025-05-14 13:30:42,209 workspaces-library_management-frappe-bench:default: Job OK (dev.localhost::scheduled_job::frappe.oauth.delete_oauth2_data)
2025-05-14 13:30:42,209 Result is kept for 600 seconds
2025-05-14 13:30:42,216 workspaces-library_management-frappe-bench:default: frappe.utils.background_jobs.execute_job(event=None, is_async=True, job_name='frappe.core.doctype.scheduled_job_type.scheduled_job_type.run_scheduled_jo..., kwargs={'job_type': 'frappe.website.doctype.personal_data_deletion_request.persona..., method='frappe.core.doctype.scheduled_job_type.scheduled_job_type.run_scheduled_jo..., site='dev.localhost', user='Administrator') (dev.localhost::scheduled_job::frappe.website.doctype.personal_data_deletion_request.personal_data_deletion_request.process_data_deletion_request)
2025-05-14 13:30:42,579 workspaces-library_management-frappe-bench:default: Job OK (dev.localhost::scheduled_job::frappe.website.doctype.personal_data_deletion_request.personal_data_deletion_request.process_data_deletion_request)
2025-05-14 13:30:42,580 Result is kept for 600 seconds
2025-05-14 13:30:42,586 workspaces-library_management-frappe-bench:default: frappe.utils.background_jobs.execute_job(event=None, is_async=True, job_name='frappe.core.doctype.scheduled_job_type.scheduled_job_type.run_scheduled_jo..., kwargs={'job_type': 'frappe.desk.page.backups.backups.delete_downloadable_backups'..., method='frappe.core.doctype.scheduled_job_type.scheduled_job_type.run_scheduled_jo..., site='dev.localhost', user='Administrator') (dev.localhost::scheduled_job::frappe.desk.page.backups.backups.delete_downloadable_backups)
2025-05-14 13:30:42,968 workspaces-library_management-frappe-bench:default: Job OK (dev.localhost::scheduled_job::frappe.desk.page.backups.backups.delete_downloadable_backups)
2025-05-14 13:30:42,968 Result is kept for 600 seconds
2025-05-14 13:30:42,975 workspaces-library_management-frappe-bench:default: frappe.utils.background_jobs.execute_job(event=None, is_async=True, job_name='frappe.core.doctype.scheduled_job_type.scheduled_job_type.run_scheduled_jo..., kwargs={'job_type': 'frappe.twofactor.delete_all_barcodes_for_users'}, method='frappe.core.doctype.scheduled_job_type.scheduled_job_type.run_scheduled_jo..., site='dev.localhost', user='Administrator') (dev.localhost::scheduled_job::frappe.twofactor.delete_all_barcodes_for_users)
2025-05-14 13:30:43,356 workspaces-library_management-frappe-bench:default: Job OK (dev.localhost::scheduled_job::frappe.twofactor.delete_all_barcodes_for_users)
2025-05-14 13:30:43,356 Result is kept for 600 seconds
2025-05-14 13:30:43,363 workspaces-library_management-frappe-bench:default: frappe.utils.background_jobs.execute_job(event=None, is_async=True, job_name='frappe.core.doctype.scheduled_job_type.scheduled_job_type.run_scheduled_jo..., kwargs={'job_type': 'frappe.deferred_insert.save_to_db'}, method='frappe.core.doctype.scheduled_job_type.scheduled_job_type.run_scheduled_jo..., site='dev.localhost', user='Administrator') (dev.localhost::scheduled_job::frappe.deferred_insert.save_to_db)
2025-05-14 13:30:43,756 workspaces-library_management-frappe-bench:default: Job OK (dev.localhost::scheduled_job::frappe.deferred_insert.save_to_db)
2025-05-14 13:30:43,756 Result is kept for 600 seconds
2025-05-14 13:30:43,763 workspaces-library_management-frappe-bench:default: frappe.utils.background_jobs.execute_job(event=None, is_async=True, job_name='frappe.core.doctype.scheduled_job_type.scheduled_job_type.run_scheduled_jo..., kwargs={'job_type': 'frappe.automation.doctype.reminder.reminder.send_reminders'}, method='frappe.core.doctype.scheduled_job_type.scheduled_job_type.run_scheduled_jo..., site='dev.localhost', user='Administrator') (dev.localhost::scheduled_job::frappe.automation.doctype.reminder.reminder.send_reminders)
2025-05-14 13:30:44,098 workspaces-library_management-frappe-bench:default: Job OK (dev.localhost::scheduled_job::frappe.automation.doctype.reminder.reminder.send_reminders)
2025-05-14 13:30:44,099 Result is kept for 600 seconds
2025-05-14 13:30:44,105 workspaces-library_management-frappe-bench:default: frappe.utils.background_jobs.execute_job(event=None, is_async=True, job_name='frappe.core.doctype.scheduled_job_type.scheduled_job_type.run_scheduled_jo..., kwargs={'job_type': 'frappe.utils.global_search.sync_global_search'}, method='frappe.core.doctype.scheduled_job_type.scheduled_job_type.run_scheduled_jo..., site='dev.localhost', user='Administrator') (dev.localhost::scheduled_job::frappe.utils.global_search.sync_global_search)
2025-05-14 13:30:44,413 workspaces-library_management-frappe-bench:default: Job OK (dev.localhost::scheduled_job::frappe.utils.global_search.sync_global_search)
2025-05-14 13:30:44,413 Result is kept for 600 seconds
2025-05-14 13:30:44,419 workspaces-library_management-frappe-bench:default: frappe.utils.background_jobs.execute_job(event=None, is_async=True, job_name='frappe.core.doctype.scheduled_job_type.scheduled_job_type.run_scheduled_jo..., kwargs={'job_type': 'frappe.email.doctype.email_account.email_account.notify_unrep..., method='frappe.core.doctype.scheduled_job_type.scheduled_job_type.run_scheduled_jo..., site='dev.localhost', user='Administrator') (dev.localhost::scheduled_job::frappe.email.doctype.email_account.email_account.notify_unreplied)
2025-05-14 13:30:44,751 workspaces-library_management-frappe-bench:default: Job OK (dev.localhost::scheduled_job::frappe.email.doctype.email_account.email_account.notify_unreplied)
2025-05-14 13:30:44,751 Result is kept for 600 seconds
2025-05-14 13:30:44,758 workspaces-library_management-frappe-bench:default: frappe.utils.background_jobs.execute_job(event=None, is_async=True, job_name='frappe.core.doctype.scheduled_job_type.scheduled_job_type.run_scheduled_jo..., kwargs={'job_type': 'frappe.model.utils.user_settings.sync_user_settings'}, method='frappe.core.doctype.scheduled_job_type.scheduled_job_type.run_scheduled_jo..., site='dev.localhost', user='Administrator') (dev.localhost::scheduled_job::frappe.model.utils.user_settings.sync_user_settings)
2025-05-14 13:30:45,109 workspaces-library_management-frappe-bench:default: Job OK (dev.localhost::scheduled_job::frappe.model.utils.user_settings.sync_user_settings)
2025-05-14 13:30:45,109 Result is kept for 600 seconds
2025-05-14 13:30:45,119 workspaces-library_management-frappe-bench:default: frappe.utils.background_jobs.execute_job(event=None, is_async=True, job_name='frappe.core.doctype.scheduled_job_type.scheduled_job_type.run_scheduled_jo..., kwargs={'job_type': 'frappe.email.queue.flush'}, method='frappe.core.doctype.scheduled_job_type.scheduled_job_type.run_scheduled_jo..., site='dev.localhost', user='Administrator') (dev.localhost::scheduled_job::frappe.email.queue.flush)
2025-05-14 13:30:45,511 workspaces-library_management-frappe-bench:default: Job OK (dev.localhost::scheduled_job::frappe.email.queue.flush)
2025-05-14 13:30:45,511 Result is kept for 600 seconds
2025-05-14 13:30:45,519 workspaces-library_management-frappe-bench:default: frappe.utils.background_jobs.execute_job(event=None, is_async=True, job_name='frappe.core.doctype.scheduled_job_type.scheduled_job_type.run_scheduled_jo..., kwargs={'job_type': 'frappe.integrations.doctype.google_calendar.google_calendar.s..., method='frappe.core.doctype.scheduled_job_type.scheduled_job_type.run_scheduled_jo..., site='dev.localhost', user='Administrator') (dev.localhost::scheduled_job::frappe.integrations.doctype.google_calendar.google_calendar.sync)
2025-05-14 13:30:45,974 workspaces-library_management-frappe-bench:default: Job OK (dev.localhost::scheduled_job::frappe.integrations.doctype.google_calendar.google_calendar.sync)
2025-05-14 13:30:45,974 Result is kept for 600 seconds
2025-05-14 13:30:45,983 workspaces-library_management-frappe-bench:default: frappe.utils.background_jobs.execute_job(event=None, is_async=True, job_name='frappe.core.doctype.scheduled_job_type.scheduled_job_type.run_scheduled_jo..., kwargs={'job_type': 'frappe.model.utils.link_count.update_link_count'}, method='frappe.core.doctype.scheduled_job_type.scheduled_job_type.run_scheduled_jo..., site='dev.localhost', user='Administrator') (dev.localhost::scheduled_job::frappe.model.utils.link_count.update_link_count)
2025-05-14 13:30:46,333 workspaces-library_management-frappe-bench:default: Job OK (dev.localhost::scheduled_job::frappe.model.utils.link_count.update_link_count)
2025-05-14 13:30:46,333 Result is kept for 600 seconds
2025-05-14 13:30:46,339 workspaces-library_management-frappe-bench:default: frappe.utils.background_jobs.execute_job(event=None, is_async=True, job_name='frappe.core.doctype.scheduled_job_type.scheduled_job_type.run_scheduled_jo..., kwargs={'job_type': 'frappe.email.doctype.newsletter.newsletter.send_scheduled_ema..., method='frappe.core.doctype.scheduled_job_type.scheduled_job_type.run_scheduled_jo..., site='dev.localhost', user='Administrator') (dev.localhost::scheduled_job::frappe.email.doctype.newsletter.newsletter.send_scheduled_email)
2025-05-14 13:30:46,730 workspaces-library_management-frappe-bench:default: Job OK (dev.localhost::scheduled_job::frappe.email.doctype.newsletter.newsletter.send_scheduled_email)
2025-05-14 13:30:46,730 Result is kept for 600 seconds
2025-05-14 13:30:46,737 workspaces-library_management-frappe-bench:default: frappe.utils.background_jobs.execute_job(event=None, is_async=True, job_name='frappe.core.doctype.scheduled_job_type.scheduled_job_type.run_scheduled_jo..., kwargs={'job_type': 'frappe.email.doctype.email_account.email_account.pull'}, method='frappe.core.doctype.scheduled_job_type.scheduled_job_type.run_scheduled_jo..., site='dev.localhost', user='Administrator') (dev.localhost::scheduled_job::frappe.email.doctype.email_account.email_account.pull)
2025-05-14 13:30:47,084 workspaces-library_management-frappe-bench:default: Job OK (dev.localhost::scheduled_job::frappe.email.doctype.email_account.email_account.pull)
2025-05-14 13:30:47,084 Result is kept for 600 seconds
2025-05-14 13:30:47,093 workspaces-library_management-frappe-bench:default: frappe.utils.background_jobs.execute_job(event=None, is_async=True, job_name='frappe.core.doctype.scheduled_job_type.scheduled_job_type.run_scheduled_jo..., kwargs={'job_type': 'frappe.desk.form.document_follow.send_hourly_updates'}, method='frappe.core.doctype.scheduled_job_type.scheduled_job_type.run_scheduled_jo..., site='dev.localhost', user='Administrator') (dev.localhost::scheduled_job::frappe.desk.form.document_follow.send_hourly_updates)
2025-05-14 13:30:47,480 workspaces-library_management-frappe-bench:default: Job OK (dev.localhost::scheduled_job::frappe.desk.form.document_follow.send_hourly_updates)
2025-05-14 13:30:47,481 Result is kept for 600 seconds
2025-05-14 13:30:47,490 workspaces-library_management-frappe-bench:default: frappe.utils.background_jobs.execute_job(event=None, is_async=True, job_name='frappe.core.doctype.scheduled_job_type.scheduled_job_type.run_scheduled_jo..., kwargs={'job_type': 'frappe.monitor.flush'}, method='frappe.core.doctype.scheduled_job_type.scheduled_job_type.run_scheduled_jo..., site='dev.localhost', user='Administrator') (dev.localhost::scheduled_job::frappe.monitor.flush)
2025-05-14 13:30:47,914 workspaces-library_management-frappe-bench:default: Job OK (dev.localhost::scheduled_job::frappe.monitor.flush)
2025-05-14 13:30:47,914 Result is kept for 600 seconds
2025-05-14 13:34:41,668 workspaces-library_management-frappe-bench:default: frappe.utils.background_jobs.execute_job(event=None, is_async=True, job_name='frappe.core.doctype.scheduled_job_type.scheduled_job_type.run_scheduled_jo..., kwargs={'job_type': 'frappe.monitor.flush'}, method='frappe.core.doctype.scheduled_job_type.scheduled_job_type.run_scheduled_jo..., site='dev.localhost', user='Administrator') (dev.localhost::scheduled_job::frappe.monitor.flush)
2025-05-14 13:34:41,992 workspaces-library_management-frappe-bench:default: Job OK (dev.localhost::scheduled_job::frappe.monitor.flush)
2025-05-14 13:34:41,992 Result is kept for 600 seconds
2025-05-14 13:34:41,998 workspaces-library_management-frappe-bench:default: frappe.utils.background_jobs.execute_job(event=None, is_async=True, job_name='frappe.core.doctype.scheduled_job_type.scheduled_job_type.run_scheduled_jo..., kwargs={'job_type': 'frappe.email.queue.flush'}, method='frappe.core.doctype.scheduled_job_type.scheduled_job_type.run_scheduled_jo..., site='dev.localhost', user='Administrator') (dev.localhost::scheduled_job::frappe.email.queue.flush)
2025-05-14 13:34:42,407 workspaces-library_management-frappe-bench:default: Job OK (dev.localhost::scheduled_job::frappe.email.queue.flush)
2025-05-14 13:34:42,407 Result is kept for 600 seconds
2025-05-14 13:34:42,416 workspaces-library_management-frappe-bench:default: frappe.utils.background_jobs.execute_job(event=None, is_async=True, job_name='frappe.core.doctype.scheduled_job_type.scheduled_job_type.run_scheduled_jo..., kwargs={'job_type': 'frappe.integrations.doctype.google_calendar.google_calendar.s..., method='frappe.core.doctype.scheduled_job_type.scheduled_job_type.run_scheduled_jo..., site='dev.localhost', user='Administrator') (dev.localhost::scheduled_job::frappe.integrations.doctype.google_calendar.google_calendar.sync)
2025-05-14 13:34:42,916 workspaces-library_management-frappe-bench:default: Job OK (dev.localhost::scheduled_job::frappe.integrations.doctype.google_calendar.google_calendar.sync)
2025-05-14 13:34:42,916 Result is kept for 600 seconds
2025-05-14 13:38:41,812 workspaces-library_management-frappe-bench:default: frappe.utils.background_jobs.execute_job(event=None, is_async=True, job_name='frappe.core.doctype.scheduled_job_type.scheduled_job_type.run_scheduled_jo..., kwargs={'job_type': 'frappe.email.queue.flush'}, method='frappe.core.doctype.scheduled_job_type.scheduled_job_type.run_scheduled_jo..., site='dev.localhost', user='Administrator') (dev.localhost::scheduled_job::frappe.email.queue.flush)
2025-05-14 13:38:42,213 workspaces-library_management-frappe-bench:default: Job OK (dev.localhost::scheduled_job::frappe.email.queue.flush)
2025-05-14 13:38:42,213 Result is kept for 600 seconds
2025-05-14 13:38:42,220 workspaces-library_management-frappe-bench:default: frappe.utils.background_jobs.execute_job(event=None, is_async=True, job_name='frappe.core.doctype.scheduled_job_type.scheduled_job_type.run_scheduled_jo..., kwargs={'job_type': 'frappe.monitor.flush'}, method='frappe.core.doctype.scheduled_job_type.scheduled_job_type.run_scheduled_jo..., site='dev.localhost', user='Administrator') (dev.localhost::scheduled_job::frappe.monitor.flush)
2025-05-14 13:38:42,522 workspaces-library_management-frappe-bench:default: Job OK (dev.localhost::scheduled_job::frappe.monitor.flush)
2025-05-14 13:38:42,523 Result is kept for 600 seconds
2025-05-14 13:38:42,529 workspaces-library_management-frappe-bench:default: frappe.utils.background_jobs.execute_job(event=None, is_async=True, job_name='frappe.core.doctype.scheduled_job_type.scheduled_job_type.run_scheduled_jo..., kwargs={'job_type': 'frappe.integrations.doctype.google_calendar.google_calendar.s..., method='frappe.core.doctype.scheduled_job_type.scheduled_job_type.run_scheduled_jo..., site='dev.localhost', user='Administrator') (dev.localhost::scheduled_job::frappe.integrations.doctype.google_calendar.google_calendar.sync)
2025-05-14 13:38:43,009 workspaces-library_management-frappe-bench:default: Job OK (dev.localhost::scheduled_job::frappe.integrations.doctype.google_calendar.google_calendar.sync)
2025-05-14 13:38:43,009 Result is kept for 600 seconds
2025-05-14 13:40:41,920 workspaces-library_management-frappe-bench:default: frappe.utils.background_jobs.execute_job(event=None, is_async=True, job_name='frappe.core.doctype.scheduled_job_type.scheduled_job_type.run_scheduled_jo..., kwargs={'job_type': 'frappe.email.doctype.email_account.email_account.pull'}, method='frappe.core.doctype.scheduled_job_type.scheduled_job_type.run_scheduled_jo..., site='dev.localhost', user='Administrator') (dev.localhost::scheduled_job::frappe.email.doctype.email_account.email_account.pull)
2025-05-14 13:40:42,284 workspaces-library_management-frappe-bench:default: Job OK (dev.localhost::scheduled_job::frappe.email.doctype.email_account.email_account.pull)
2025-05-14 13:40:42,284 Result is kept for 600 seconds
2025-05-14 13:42:41,971 workspaces-library_management-frappe-bench:default: frappe.utils.background_jobs.execute_job(event=None, is_async=True, job_name='frappe.core.doctype.scheduled_job_type.scheduled_job_type.run_scheduled_jo..., kwargs={'job_type': 'frappe.monitor.flush'}, method='frappe.core.doctype.scheduled_job_type.scheduled_job_type.run_scheduled_jo..., site='dev.localhost', user='Administrator') (dev.localhost::scheduled_job::frappe.monitor.flush)
2025-05-14 13:42:42,330 workspaces-library_management-frappe-bench:default: Job OK (dev.localhost::scheduled_job::frappe.monitor.flush)
2025-05-14 13:42:42,330 Result is kept for 600 seconds
2025-05-14 13:42:42,336 workspaces-library_management-frappe-bench:default: frappe.utils.background_jobs.execute_job(event=None, is_async=True, job_name='frappe.core.doctype.scheduled_job_type.scheduled_job_type.run_scheduled_jo..., kwargs={'job_type': 'frappe.email.queue.flush'}, method='frappe.core.doctype.scheduled_job_type.scheduled_job_type.run_scheduled_jo..., site='dev.localhost', user='Administrator') (dev.localhost::scheduled_job::frappe.email.queue.flush)
2025-05-14 13:42:42,718 workspaces-library_management-frappe-bench:default: Job OK (dev.localhost::scheduled_job::frappe.email.queue.flush)
2025-05-14 13:42:42,718 Result is kept for 600 seconds
2025-05-14 13:42:42,725 workspaces-library_management-frappe-bench:default: frappe.utils.background_jobs.execute_job(event=None, is_async=True, job_name='frappe.core.doctype.scheduled_job_type.scheduled_job_type.run_scheduled_jo..., kwargs={'job_type': 'frappe.integrations.doctype.google_calendar.google_calendar.s..., method='frappe.core.doctype.scheduled_job_type.scheduled_job_type.run_scheduled_jo..., site='dev.localhost', user='Administrator') (dev.localhost::scheduled_job::frappe.integrations.doctype.google_calendar.google_calendar.sync)
2025-05-14 13:42:43,266 workspaces-library_management-frappe-bench:default: Job OK (dev.localhost::scheduled_job::frappe.integrations.doctype.google_calendar.google_calendar.sync)
2025-05-14 13:42:43,266 Result is kept for 600 seconds
2025-05-14 13:45:42,141 workspaces-library_management-frappe-bench:default: frappe.utils.background_jobs.execute_job(event=None, is_async=True, job_name='frappe.core.doctype.scheduled_job_type.scheduled_job_type.run_scheduled_jo..., kwargs={'job_type': 'frappe.deferred_insert.save_to_db'}, method='frappe.core.doctype.scheduled_job_type.scheduled_job_type.run_scheduled_jo..., site='dev.localhost', user='Administrator') (dev.localhost::scheduled_job::frappe.deferred_insert.save_to_db)
2025-05-14 13:45:42,691 workspaces-library_management-frappe-bench:default: Job OK (dev.localhost::scheduled_job::frappe.deferred_insert.save_to_db)
2025-05-14 13:45:42,692 Result is kept for 600 seconds
2025-05-14 13:45:42,698 workspaces-library_management-frappe-bench:default: frappe.utils.background_jobs.execute_job(event=None, is_async=True, job_name='frappe.core.doctype.scheduled_job_type.scheduled_job_type.run_scheduled_jo..., kwargs={'job_type': 'frappe.email.doctype.email_account.email_account.notify_unrep..., method='frappe.core.doctype.scheduled_job_type.scheduled_job_type.run_scheduled_jo..., site='dev.localhost', user='Administrator') (dev.localhost::scheduled_job::frappe.email.doctype.email_account.email_account.notify_unreplied)
2025-05-14 13:45:43,031 workspaces-library_management-frappe-bench:default: Job OK (dev.localhost::scheduled_job::frappe.email.doctype.email_account.email_account.notify_unreplied)
2025-05-14 13:45:43,031 Result is kept for 600 seconds
2025-05-14 13:45:43,038 workspaces-library_management-frappe-bench:default: frappe.utils.background_jobs.execute_job(event=None, is_async=True, job_name='frappe.core.doctype.scheduled_job_type.scheduled_job_type.run_scheduled_jo..., kwargs={'job_type': 'frappe.utils.global_search.sync_global_search'}, method='frappe.core.doctype.scheduled_job_type.scheduled_job_type.run_scheduled_jo..., site='dev.localhost', user='Administrator') (dev.localhost::scheduled_job::frappe.utils.global_search.sync_global_search)
2025-05-14 13:45:43,416 workspaces-library_management-frappe-bench:default: Job OK (dev.localhost::scheduled_job::frappe.utils.global_search.sync_global_search)
2025-05-14 13:45:43,416 Result is kept for 600 seconds
2025-05-14 13:45:43,423 workspaces-library_management-frappe-bench:default: frappe.utils.background_jobs.execute_job(event=None, is_async=True, job_name='frappe.core.doctype.scheduled_job_type.scheduled_job_type.run_scheduled_jo..., kwargs={'job_type': 'frappe.twofactor.delete_all_barcodes_for_users'}, method='frappe.core.doctype.scheduled_job_type.scheduled_job_type.run_scheduled_jo..., site='dev.localhost', user='Administrator') (dev.localhost::scheduled_job::frappe.twofactor.delete_all_barcodes_for_users)
2025-05-14 13:45:43,747 workspaces-library_management-frappe-bench:default: Job OK (dev.localhost::scheduled_job::frappe.twofactor.delete_all_barcodes_for_users)
2025-05-14 13:45:43,747 Result is kept for 600 seconds
2025-05-14 13:45:43,753 workspaces-library_management-frappe-bench:default: frappe.utils.background_jobs.execute_job(event=None, is_async=True, job_name='frappe.core.doctype.scheduled_job_type.scheduled_job_type.run_scheduled_jo..., kwargs={'job_type': 'frappe.oauth.delete_oauth2_data'}, method='frappe.core.doctype.scheduled_job_type.scheduled_job_type.run_scheduled_jo..., site='dev.localhost', user='Administrator') (dev.localhost::scheduled_job::frappe.oauth.delete_oauth2_data)
2025-05-14 13:45:44,107 workspaces-library_management-frappe-bench:default: Job OK (dev.localhost::scheduled_job::frappe.oauth.delete_oauth2_data)
2025-05-14 13:45:44,107 Result is kept for 600 seconds
2025-05-14 13:45:44,113 workspaces-library_management-frappe-bench:default: frappe.utils.background_jobs.execute_job(event=None, is_async=True, job_name='frappe.core.doctype.scheduled_job_type.scheduled_job_type.run_scheduled_jo..., kwargs={'job_type': 'frappe.automation.doctype.reminder.reminder.send_reminders'}, method='frappe.core.doctype.scheduled_job_type.scheduled_job_type.run_scheduled_jo..., site='dev.localhost', user='Administrator') (dev.localhost::scheduled_job::frappe.automation.doctype.reminder.reminder.send_reminders)
2025-05-14 13:45:44,568 workspaces-library_management-frappe-bench:default: Job OK (dev.localhost::scheduled_job::frappe.automation.doctype.reminder.reminder.send_reminders)
2025-05-14 13:45:44,568 Result is kept for 600 seconds
2025-05-14 13:45:44,575 workspaces-library_management-frappe-bench:default: frappe.utils.background_jobs.execute_job(event=None, is_async=True, job_name='frappe.core.doctype.scheduled_job_type.scheduled_job_type.run_scheduled_jo..., kwargs={'job_type': 'frappe.website.doctype.web_page.web_page.check_publish_status..., method='frappe.core.doctype.scheduled_job_type.scheduled_job_type.run_scheduled_jo..., site='dev.localhost', user='Administrator') (dev.localhost::scheduled_job::frappe.website.doctype.web_page.web_page.check_publish_status)
2025-05-14 13:45:44,948 workspaces-library_management-frappe-bench:default: Job OK (dev.localhost::scheduled_job::frappe.website.doctype.web_page.web_page.check_publish_status)
2025-05-14 13:45:44,948 Result is kept for 600 seconds
2025-05-14 13:46:42,280 workspaces-library_management-frappe-bench:default: frappe.utils.background_jobs.execute_job(event=None, is_async=True, job_name='frappe.core.doctype.scheduled_job_type.scheduled_job_type.run_scheduled_jo..., kwargs={'job_type': 'frappe.email.queue.flush'}, method='frappe.core.doctype.scheduled_job_type.scheduled_job_type.run_scheduled_jo..., site='dev.localhost', user='Administrator') (dev.localhost::scheduled_job::frappe.email.queue.flush)
2025-05-14 13:46:42,703 workspaces-library_management-frappe-bench:default: Job OK (dev.localhost::scheduled_job::frappe.email.queue.flush)
2025-05-14 13:46:42,704 Result is kept for 600 seconds
2025-05-14 13:46:42,711 workspaces-library_management-frappe-bench:default: frappe.utils.background_jobs.execute_job(event=None, is_async=True, job_name='frappe.core.doctype.scheduled_job_type.scheduled_job_type.run_scheduled_jo..., kwargs={'job_type': 'frappe.monitor.flush'}, method='frappe.core.doctype.scheduled_job_type.scheduled_job_type.run_scheduled_jo..., site='dev.localhost', user='Administrator') (dev.localhost::scheduled_job::frappe.monitor.flush)
2025-05-14 13:46:43,024 workspaces-library_management-frappe-bench:default: Job OK (dev.localhost::scheduled_job::frappe.monitor.flush)
2025-05-14 13:46:43,024 Result is kept for 600 seconds
2025-05-14 13:46:43,031 workspaces-library_management-frappe-bench:default: frappe.utils.background_jobs.execute_job(event=None, is_async=True, job_name='frappe.core.doctype.scheduled_job_type.scheduled_job_type.run_scheduled_jo..., kwargs={'job_type': 'frappe.integrations.doctype.google_calendar.google_calendar.s..., method='frappe.core.doctype.scheduled_job_type.scheduled_job_type.run_scheduled_jo..., site='dev.localhost', user='Administrator') (dev.localhost::scheduled_job::frappe.integrations.doctype.google_calendar.google_calendar.sync)
2025-05-14 13:46:43,685 workspaces-library_management-frappe-bench:default: Job OK (dev.localhost::scheduled_job::frappe.integrations.doctype.google_calendar.google_calendar.sync)
2025-05-14 13:46:43,686 Result is kept for 600 seconds
2025-05-14 13:50:42,444 workspaces-library_management-frappe-bench:default: frappe.utils.background_jobs.execute_job(event=None, is_async=True, job_name='frappe.core.doctype.scheduled_job_type.scheduled_job_type.run_scheduled_jo..., kwargs={'job_type': 'frappe.email.queue.flush'}, method='frappe.core.doctype.scheduled_job_type.scheduled_job_type.run_scheduled_jo..., site='dev.localhost', user='Administrator') (dev.localhost::scheduled_job::frappe.email.queue.flush)
2025-05-14 13:50:42,905 workspaces-library_management-frappe-bench:default: Job OK (dev.localhost::scheduled_job::frappe.email.queue.flush)
2025-05-14 13:50:42,905 Result is kept for 600 seconds
2025-05-14 13:50:42,911 Cleaning registries for queue: workspaces-library_management-frappe-bench:short
2025-05-14 13:50:42,913 Cleaning registries for queue: workspaces-library_management-frappe-bench:default
2025-05-14 13:50:42,914 Cleaning registries for queue: workspaces-library_management-frappe-bench:long
2025-05-14 13:50:42,916 workspaces-library_management-frappe-bench:default: frappe.utils.background_jobs.execute_job(event=None, is_async=True, job_name='frappe.core.doctype.scheduled_job_type.scheduled_job_type.run_scheduled_jo..., kwargs={'job_type': 'frappe.integrations.doctype.google_calendar.google_calendar.s..., method='frappe.core.doctype.scheduled_job_type.scheduled_job_type.run_scheduled_jo..., site='dev.localhost', user='Administrator') (dev.localhost::scheduled_job::frappe.integrations.doctype.google_calendar.google_calendar.sync)
2025-05-14 13:50:43,346 workspaces-library_management-frappe-bench:default: Job OK (dev.localhost::scheduled_job::frappe.integrations.doctype.google_calendar.google_calendar.sync)
2025-05-14 13:50:43,346 Result is kept for 600 seconds
2025-05-14 13:50:43,354 workspaces-library_management-frappe-bench:default: frappe.utils.background_jobs.execute_job(event=None, is_async=True, job_name='frappe.core.doctype.scheduled_job_type.scheduled_job_type.run_scheduled_jo..., kwargs={'job_type': 'frappe.email.doctype.email_account.email_account.pull'}, method='frappe.core.doctype.scheduled_job_type.scheduled_job_type.run_scheduled_jo..., site='dev.localhost', user='Administrator') (dev.localhost::scheduled_job::frappe.email.doctype.email_account.email_account.pull)
2025-05-14 13:50:43,760 workspaces-library_management-frappe-bench:default: Job OK (dev.localhost::scheduled_job::frappe.email.doctype.email_account.email_account.pull)
2025-05-14 13:50:43,760 Result is kept for 600 seconds
2025-05-14 13:50:43,766 workspaces-library_management-frappe-bench:default: frappe.utils.background_jobs.execute_job(event=None, is_async=True, job_name='frappe.core.doctype.scheduled_job_type.scheduled_job_type.run_scheduled_jo..., kwargs={'job_type': 'frappe.monitor.flush'}, method='frappe.core.doctype.scheduled_job_type.scheduled_job_type.run_scheduled_jo..., site='dev.localhost', user='Administrator') (dev.localhost::scheduled_job::frappe.monitor.flush)
2025-05-14 13:50:44,086 workspaces-library_management-frappe-bench:default: Job OK (dev.localhost::scheduled_job::frappe.monitor.flush)
2025-05-14 13:50:44,086 Result is kept for 600 seconds
2025-05-15 17:09:10,472 Worker rq:worker:f68b893384514ecd8d6a9c767a0c1686 started with PID 1934, version 1.15.1
2025-05-15 17:09:10,490 Subscribing to channel rq:pubsub:f68b893384514ecd8d6a9c767a0c1686
2025-05-15 17:09:10,493 *** Listening on workspaces-library_management-frappe-bench:short, workspaces-library_management-frappe-bench:default, workspaces-library_management-frappe-bench:long...
2025-05-15 17:09:10,496 Cleaning registries for queue: workspaces-library_management-frappe-bench:short
2025-05-15 17:09:10,497 Cleaning registries for queue: workspaces-library_management-frappe-bench:default
2025-05-15 17:09:10,499 Cleaning registries for queue: workspaces-library_management-frappe-bench:long
2025-05-15 17:11:14,016 Worker f68b893384514ecd8d6a9c767a0c1686 [PID 1934]: warm shut down requested
2025-05-15 17:11:14,020 Unsubscribing from channel rq:pubsub:f68b893384514ecd8d6a9c767a0c1686
